124155,"b""RT @reesecroft: \xe2\x80\x9c@packers: 12 a.m. means it's officially GAMEDAY in Green Bay. #NEvsGB http://t.co/xWWmekUgoT\xe2\x80\x9d game of the year"""
124155,"b'@MonarchyofKiko @nflnetwork nah, Patriots will batter you'"
124152,"b'RT @BenVolin: On Football: #Patriots are facing the best WRs week after week, and Revis &amp; Browner answer the bell every time http://t.co/GW\xe2\x80\xa6'"
124149,"b'Patriots win 7th straight, rout Lions 34-9 (The Associated Press)..  #Steelers #NFL'"
124147,b'I can hardly wait for my @Patriots to take the field today! #GoPats #GBvsNE #PatriotsNation #PatriotPride'
124142,b'RT @melissastark: We r talking #GBvsNE all morning. Super Bowl 38.5?  I can see from twitter this game bringing out the best in the fans #f\xe2\x80\xa6'
124135,"b""Green Bay Packers vs. New England Patriots: Primer for today's game http://t.co/jUH4v45zD4 @nfl #football"""
124134,"b""RT @Precious2c: IT'S GAME DAY!!! SO READY FOR THIS GAME! #PATRIOTS #DOYOURJOB #BeatThePackers #BendButDontBreak #TB12 #TheWrightWay #Blount\xe2\x80\xa6"""
124134,"b'Packers, Patriots a matchup of differing philosophies http://t.co/8Wllw3jvxe @nfl #football'"
124134,b'Packers to play Patriots at Lambeau http://t.co/bQ1eZTv8Xf @nfl #football'
124133,"b""RT @PatsFans: It's Patriots Game Day.  RT If you're ready to see the Patriots beat the Packers later this afternoon! #NextGameUp http://t.c\xe2\x80\xa6"""
124130,b'RT @MinogueTom: Athens 1944: Britain\xe2\x80\x99s dirty secret http://t.co/lhv2MM9C3P Greek resistance went from brave patriots to dirty Communist ter\xe2\x80\xa6'
124129,"b'RT @AdamSchefter: Fresh off game in Green Bay, the Patriots will fly straight to San Diego and spend week out there practicing and meeting,\xe2\x80\xa6'"
124124,b'GO PACKERS :) http://t.co/MuLvzYCNGj'
124124,"b'RT @RapSheet: #Patriots DE Chandler Jones (hip) made the trip to Green Bay, but source says he\xe2\x80\x99s not expected to play. He hasn\xe2\x80\x99t played sin\xe2\x80\xa6'"
124120,"b'RT @AdamSchefter: Fresh off game in Green Bay, the Patriots will fly straight to San Diego and spend week out there practicing and meeting,\xe2\x80\xa6'"
124119,b'#Lambeau yesterday. #GreenBay #Packers #Titletown #Wisconsin #historic #legendary #legends #cheeseheads http://t.co/e9ljCBVPBz'
124113,"b""RT @packers: 12 a.m. means it's officially GAMEDAY in Green Bay. #NEvsGB http://t.co/pPPuN4F9og"""
124112,"b'Packers-Patriots could be shootout, title preview: GREEN BAY, Wis. (AP) \xe2\x80\x94 Two star quarterbacks. Two\xe2\x80\xa6 http://t.co/Mfn7cDXQ1d'"
124100,b'@nflnetwork Patriots all day errday'
124058,"b""RT @PatsFans: It's Patriots Game Day.  RT If you're ready to see the Patriots beat the Packers later this afternoon! #NextGameUp http://t.c\xe2\x80\xa6"""
124053,"b""IT'S GAME DAY!!! SO READY FOR THIS GAME! #PATRIOTS #DOYOURJOB #BeatThePackers #BendButDontBreak #TB12 #TheWrightWay #BlountForceTrauma"""
124052,b'RT @NFLVR: Potential Super Bowl Preview (posted pick at http://t.co/QwJKxicfCJ on 9/4/14) between the New England Patriots &amp; Green Bay Pack\xe2\x80\xa6'
124050,b'@nflnetwork Packers'
124046,"b""Bruschi's Breakdown: Pats-Packers http://t.co/K4eAwVGPyT via @ESPNBoston"""
124044,b'I hope patriots get this W today.'
124041,"b""He may be a little confused, but I think he's ready for the game today \xf0\x9f\x98\x82\xf0\x9f\x8f\x88 verdi332 #Packers\xe2\x80\xa6 http://t.co/XQpFo2itMa"""
124038,"b""@melissastark @nflnetwork Go Packers and LET'S GO BUFFALO!"""
124029,"b'@johnrawes gl John like over packers game, under bills and over ravens.'"
124027,"b'RT @AdamSchefter: Fresh off game in Green Bay, the Patriots will fly straight to San Diego and spend week out there practicing and meeting,\xe2\x80\xa6'"
124021,b'Green Bay Packers Man Cave: http://t.co/KhhC5c4KDE via @YouTube'
124019,"b""RT @PatsFans: It's Patriots Game Day.  RT If you're ready to see the Patriots beat the Packers later this afternoon! #NextGameUp http://t.c\xe2\x80\xa6"""
124009,"b""@sawb3, we'll pay your #Packers tix back if there is a blowout! #GoPackGo! http://t.co/8pdeQz4Chl http://t.co/Oi2p97ajf0"""
124008,b'Good luck today @Patriots I love you guys\xf0\x9f\x98\x8d\xf0\x9f\x98\x8d Bring home this W boys!!\n#PatriotsNation #Love'
124006,b'Good morning Patriots \xf0\x9f\x87\xba\xf0\x9f\x87\xb8'
124005,"b""RT @PatsFans: It's Patriots Game Day.  RT If you're ready to see the Patriots beat the Packers later this afternoon! #NextGameUp http://t.c\xe2\x80\xa6"""
124001,b'RT @NFLNBAbattles: Who is going to win?\n\nRT for the Patriots \n\nFAV for the Packers http://t.co/nZvWkhAwTu'
124001,"b'New England Patriots: ""#Patriots #BusinessTrip #NEvsGB"" (via http://t.co/j9tisSsEo5) http://t.co/3EueQYcm6l'"
123955,"b'Browns, Steelers, Chargers, Cardinals  and Patriots $$$$$'"
123923,"b'RT @RapSheet: #Patriots DE Chandler Jones (hip) made the trip to Green Bay, but source says he\xe2\x80\x99s not expected to play. He hasn\xe2\x80\x99t played sin\xe2\x80\xa6'"
123922,"b""@bob_farinella, we'll pay your #Packers tix back if there is a blowout! #GoPackGo! http://t.co/8pdeQz4Chl http://t.co/6Rtp1X72AY"""
123913,b'@GregoryTanner7 Not a chance... Packers have played great at home so I expect I close game like the 3 pt spread shows'
123911,"b'#supercontest\n\nWeek 13\n\nBears +7\nCowboys -3\nNiners -1\nRavens -6\nPackers -3\n\nYes, I know.  Rough start.'"
123910,"b""@WiscoBoy24 today's the big day #packers"""
123908,"b'RT @BenVolin: On Football: #Patriots are facing the best WRs week after week, and Revis &amp; Browner answer the bell every time http://t.co/GW\xe2\x80\xa6'"
123905,"b'Fantasy football start/sit advice, Week 13: Brandon LaFell #NewEnglandPatriots http://t.co/PTxFKOKGpm'"
123903,"b'RT @A5H0KA: ATTN PATRIOTS: #BOYCOTT #CHIPOTLE MEXICAN GRILL restaurants, for imposing unAmerican anti #2A policies #PJNET http://t.co/m74al\xe2\x80\xa6'"
123903,b'RT @SebastianMCESPN: Chandler Jones OUT #Patriots'
123857,"b'RT @AdamSchefter: Fresh off game in Green Bay, the Patriots will fly straight to San Diego and spend week out there practicing and meeting,\xe2\x80\xa6'"
123855,b'NFL: RedZone + live action with Saints v Steelers &amp; Patriots v Packers http://t.co/qWn1He4nnZ'
123851,b'NFL: RedZone + live action with Saints v Steelers &amp; Patriots v Packers http://t.co/IT3AZybH9A'
123844,b'Yes! We are looking forward to your return to school tomorrow 12.1.14. http://t.co/YQJSWPIHPb'
123844,b'Packers &gt; Pats'
123835,"b'RT @MikeReiss: Quick-hit thoughts around Patriots &amp; NFL (Gronkowski, 2015 Thanksgiving football, Woodhead, up-tempo offense etc.). http://t\xe2\x80\xa6'"
123832,"b'RT @MikeReiss: Quick-hit thoughts around Patriots &amp; NFL (Gronkowski, 2015 Thanksgiving football, Woodhead, up-tempo offense etc.). http://t\xe2\x80\xa6'"
123828,"b""RT @PatsFans: It's Patriots Game Day.  RT If you're ready to see the Patriots beat the Packers later this afternoon! #NextGameUp http://t.c\xe2\x80\xa6"""
123824,"b'RT @A5H0KA: ATTN PATRIOTS: #BOYCOTT #CHIPOTLE MEXICAN GRILL restaurants, for imposing unAmerican anti #2A policies #PJNET http://t.co/m74al\xe2\x80\xa6'"
123818,b'Plan your day. @DunkinDonuts #Patriots Pre-Game Social on http://t.co/ei36Q25sHJ radio at 2pm. Get ready for big #Packers game.'
123816,"b'Pats/Packers: According to @nflnetwork, 1st time Brady/Rodgers have faced each other as starters.'"
123814,b'RT @PatriotsExtra: #Chargers remaining schedule (toughest in NFL):\nat Ravens: 7-4\nPatriots: 9-2\nBroncos: 8-3\nat 49ers: 7-4\nat Chiefs: 7-4 \n\xe2\x80\xa6'
123808,"b""Super super psyched for the Packers vs the Patriots probably best game of the season, hope it isn't a flop now"""
123802,"b""@kittykat7077, we'll pay your #Packers tix back if there is a blowout! #GoPackGo! http://t.co/8pdeQz4Chl http://t.co/9KCIfmBdQG"""
123750,b'Our 12 is greater than your 12! #packers #gameday #gopackgo #greenandgold #thepackerfan #NEvsGB\xe2\x80\xa6 http://t.co/jd1Oc6oNga'
123747,b'RT @R1J3PNFL: got my hawk jersey on its game day! Time to rule the north #SuperbowlPreview #NEvsGB @matt_ringsell @packers_uk http://t.co/G\xe2\x80\xa6'
123744,"b'RT @RapSheet: #Patriots DE Chandler Jones (hip) made the trip to Green Bay, but source says he\xe2\x80\x99s not expected to play. He hasn\xe2\x80\x99t played sin\xe2\x80\xa6'"
123743,"b'RT @MikeReiss: Quick-hit thoughts around Patriots &amp; NFL (Gronkowski, 2015 Thanksgiving football, Woodhead, up-tempo offense etc.). http://t\xe2\x80\xa6'"
123739,b'Brandon Browner: Patriots Defense Ready For Aaron Rodgers-Led Packers: http://t.co/9swsiFjOiQ via @DougKyedNESN'
123735,"b""RT @packers: 12 a.m. means it's officially GAMEDAY in Green Bay. #NEvsGB http://t.co/pPPuN4F9og"""
123730,"b'RT @AdamSchefter: Fresh off game in Green Bay, the Patriots will fly straight to San Diego and spend week out there practicing and meeting,\xe2\x80\xa6'"
123727,b'@nflnetwork Patriots 40 Green Bay 33'
123725,b'\xf0\x9f\x91\x90 RT \xe2\x80\x9c@packers: Lambeau Field is ready for #NEvsGB. Are you? http://t.co/Pl3Jo60A6c\xe2\x80\x9d'
123723,"b""#Patriots vs #GreenBay today let's fucking get ittt @Patriots"""
123723,"b'RT @AdamSchefter: Fresh off game in Green Bay, the Patriots will fly straight to San Diego and spend week out there practicing and meeting,\xe2\x80\xa6'"
123720,b'2 big games today can it be a glorious Sunday double #COYS #Patriots'
123703,b'I love you @Patriots \xe2\x9d\xa4\xef\xb8\x8f'
123702,"b'ATTN PATRIOTS: #BOYCOTT #CHIPOTLE MEXICAN GRILL restaurants, for imposing unAmerican anti #2A policies #PJNET http://t.co/m74alghcC0'"
123655,"b'RT @AdamSchefter: Fresh off game in Green Bay, the Patriots will fly straight to San Diego and spend week out there practicing and meeting,\xe2\x80\xa6'"
123654,"b""@gerfingerpoken2 thankfully I've heard patriots have came and donated to her so I'm glad she'll have the money to get back on her feet"""
123648,b'RT @jrehor: #Packers GameDay! http://t.co/NJSCUEXVXU'
123644,b'#Packers [Fansided: LombardiAve] - Green Bay Packers vs. New England Patriots: Primer for today\xe2\x80\x99s game: ... ri... http://t.co/6Mw2V6PiK0'
123643,b'RT @melissastark: We r talking #GBvsNE all morning. Super Bowl 38.5?  I can see from twitter this game bringing out the best in the fans #f\xe2\x80\xa6'
123639,"b'RT @AdamSchefter: Fresh off game in Green Bay, the Patriots will fly straight to San Diego and spend week out there practicing and meeting,\xe2\x80\xa6'"
123633,b'RT @Live4SportNW: vote for the winner! #Patriots @ #Packers \xe2\x80\x93 Live 4 Sport Network http://t.co/ZPGi2iNH6R'
123633,"b""I'm earning #mPOINTS Rewards in Patriots. http://t.co/q85koyYWty @Patriots"""
123632,"b""I'm earning #mPOINTS Rewards in Patriots. http://t.co/3JvFjpOELu @Patriots"""
123632,"b""I'm earning #mPOINTS Rewards in Patriots. http://t.co/XUh8CdjQBa @Patriots"""
123631,"b""I'm earning #mPOINTS Rewards in Patriots. http://t.co/fJ8oHORJ4W @Patriots"""
123630,b'Game Day! @Patriots #PatriotsNation #RodgersvsBrady'
123629,"b""I'm earning #mPOINTS Rewards in Patriots. http://t.co/5NkNYj7juC @Patriots"""
123628,"b""I'm earning #mPOINTS Rewards in Patriots. http://t.co/eoGn6JhVgb @Patriots"""
123628,b'Packers need good luck covering Rob Gronkowski http://t.co/6mp3Mdevtw #GoPatriots #NFLSunday'
123627,b'@MonarchyofKiko @nflnetwork the Packers? No no no no Patriots will win easily'
123627,b'Up early and SO READY to watch my @Patriots take on the Packers today! What to do for 9 hours... #NEvsGB #SuperBowlPreview'
123626,"b'RT @PeteHeath101: Just got my 800th follower! Thanks to everyone of you, I love being in touch. The started off well and now this and to fi\xe2\x80\xa6'"
123626,"b""I'm earning #mPOINTS Rewards in Patriots. http://t.co/TXU4Ox68ms @Patriots"""
123625,"b'On Football: #Patriots are facing the best WRs week after week, and Revis &amp; Browner answer the bell every time http://t.co/GWoynVtwwV'"
123624,"b""RT @OnlyInBOS: The numbers behind the Patriots' 7 game win streak: http://t.co/Z29XJsUArF via @ESPNMag #GBvsNE http://t.co/vZQYX14Gsx"""
123616,b'Patriots Vs Packers This Is A Big Game Tom Brady All The Way'
123609,"b""RT @packers: 12 a.m. means it's officially GAMEDAY in Green Bay. #NEvsGB http://t.co/pPPuN4F9og"""
123609,b'Green Bay Packers have hands full with well-rounded Patriots offense http://t.co/IYuvuWV26T via @FoxSports'
123606,b'#FantasyFootball Colts D or Packers D?'
123603,b'Come on the NEW ENGLAND PATRIOTS complete the perfect weekend with a win#coyh #aupaathletic #gopats'
123559,"b""Let's Go Patriots!!! #PatriotsNation #BradyBunch #PatriotsEatCheeseHeads #NFL"""
123557,b'RT @Harry_Styles: First @packers game of the season.. Time to sit. http://t.co/cuWQGX5tls'
123528,b'Patriots-Packers NFL Week 13: TV channel information and kickoff time http://t.co/qddtGsph9p'
123525,b'Patriots-Packers NFL Week 13: TV channel information and kickoff time http://t.co/Kt9XDbVJdL'
123523,b'Patriots-Packers NFL Week 13: TV channel information and kickoff time http://t.co/tPrARQkWOg'
123521,b'Patriots-Packers NFL Week 13: TV channel information and kickoff time http://t.co/7elMYMF6aS'
123519,"b""Say what?  A @SuperSoulSunday  marathon before Packers game...Doesn't get any better than this! @OWNTV @Oprah @OWNAmbassadors @packers"""
123509,b'RT @MadJewessWoman: @mrgeology @Djilali25 @gmiller1952  Too many fking Socialists and not enough patriots'
123502,"b""@honeychocolate9 GM Logan. Ready for football. Let's go #PATRIOTS"""
123454,b'#Patriots-Packers NFL Week 13: TV channel information and kickoff time - http://t.co/5V6JxskntE http://t.co/LJcZucZPNC'
123448,"b""Excited about Pats vs Packers. But I'm super pumped about walking the pedestrian bridge in the middle of no where! http://t.co/L2J9TVqG4L"""
123447,"b"".@GettyBosSports @Lou_P87  HELLO KEN &amp; LOUISE::THE PATRIOT'S ARE STILL A 3 POINT UNDERDOG AGAINST THE PACKERS:: TOTAL POINTS PROJECTED IS 58"""
123445,b'Ready for this patriots n packers game thoooo'
123426,b'Rodgers vs Brady... Cant wait #packers'
123422,b'Green Bay Packers #4 BRETT FAVRE Vintage Football Jersey Sz 40 Medium Champion  http://t.co/8K8hJapjWv http://t.co/NPsv0Tnw2I'
123419,"b'RT @RapSheet: #Patriots DE Chandler Jones (hip) made the trip to Green Bay, but source says he\xe2\x80\x99s not expected to play. He hasn\xe2\x80\x99t played sin\xe2\x80\xa6'"
123413,b'RT @nflnetwork: .@ShaunOHara60 has the key ingredient for a Packers win...\n\nFind out what it is...next on #GamedayFirst'
123405,b'Go Packers! Who do you think is going to win? http://t.co/ivHYAFHDDC'
123405,"b""@LUIS_2SIK, we'll pay your #Packers tix back if there is a blowout! #GoPackGo! http://t.co/8pdeQz4Chl http://t.co/tqaY9kq89b"""
123403,"b'RT @AdamSchefter: Fresh off game in Green Bay, the Patriots will fly straight to San Diego and spend week out there practicing and meeting,\xe2\x80\xa6'"
123348,b'Unkennel the nonpareil working proposition so movers packers lucknow up to reconvert top types with regard to f...'
123343,"b""RT @PatsFans: It's Patriots Game Day.  RT If you're ready to see the Patriots beat the Packers later this afternoon! #NextGameUp http://t.c\xe2\x80\xa6"""
123340,b'Watch New England Patriots vs Green Bay Packers live stream NFL football Online HD TV\n\nWelcome to Watch New... http://t.co/KHUmGzeDfY'
123335,"b""#Patriots better do the business today or I'm gonna be very upset #NEvsGB #NFL"""
123333,b'RT @SebastianMCESPN: Chandler Jones OUT #Patriots'
123333,"b""RT @PatsFans: It's Patriots Game Day.  RT If you're ready to see the Patriots beat the Packers later this afternoon! #NextGameUp http://t.c\xe2\x80\xa6"""
123332,"b""RT @PatsFans: It's Patriots Game Day.  RT If you're ready to see the Patriots beat the Packers later this afternoon! #NextGameUp http://t.c\xe2\x80\xa6"""
123328,b'RT @packers: Lambeau Field is ready for #NEvsGB. Are you? http://t.co/jhrZGgohkf'
123306,"b'RT @AdamSchefter: Fresh off game in Green Bay, the Patriots will fly straight to San Diego and spend week out there practicing and meeting,\xe2\x80\xa6'"
123302,b'Perquisite over against discover a based on packers yet movers with-it pune: MBUmd'
123252,"b'@melissastark @nflnetwork The @Packers may reach the @SuperBowl, but not the @Patriots. The @Broncos will come out of the AFC.'"
123249,b'RT @nflnetwork: .@ShaunOHara60 has the key ingredient for a Packers win...\n\nFind out what it is...next on #GamedayFirst'
123248,b'new england patriots @ green bay packers -3 - realsportspicks green bay #sportsbetting #NFL'
123242,b'LETS GO PATRIOTS! #9-2 #PatriotsNation Kind of hoping for snow in #Lambeau ! Keep the machine running on all cylinders!'
123239,"b'RT @AdamSchefter: Fresh off game in Green Bay, the Patriots will fly straight to San Diego and spend week out there practicing and meeting,\xe2\x80\xa6'"
123237,b'Pickett subversive prospects the juvenile bay packers protective linemen a la mode tackles: PgCT'
123234,b'\xe2\x80\x9c@SebastianMCESPN: Chandler Jones OUT #Patriots\xe2\x80\x9d'
123230,"b'RT @AdamSchefter: Fresh off game in Green Bay, the Patriots will fly straight to San Diego and spend week out there practicing and meeting,\xe2\x80\xa6'"
123230,b'Pats vs Packers tonight. Lets watch the Packers get rekt'
123229,"b""RT @packers: 12 a.m. means it's officially GAMEDAY in Green Bay. #NEvsGB http://t.co/pPPuN4F9og"""
123228,b'RT @nflnetwork: .@ShaunOHara60 has the key ingredient for a Packers win...\n\nFind out what it is...next on #GamedayFirst'
123225,b'RT @jrehor: #Packers GameDay! http://t.co/NJSCUEXVXU'
123223,b'.@ShaunOHara60 has the key ingredient for a Packers win...\n\nFind out what it is...next on #GamedayFirst'
123212,b'RT @melissastark: We r talking #GBvsNE all morning. Super Bowl 38.5?  I can see from twitter this game bringing out the best in the fans #f\xe2\x80\xa6'
123208,b'vote for the winner! #Patriots @ #Packers \xe2\x80\x93 Live 4 Sport Network http://t.co/ZPGi2iNH6R'
123154,b'In that unharmed only implanted movers packers else pune in services: aJWGeny'
123151,"b""RT @A5H0KA: HEADSUP PATRIOTS: If it's good for the goose ... #PJNET #NJ2AS #NRA #2A http://t.co/QPD5C7cHrI"""
123150,"b""RT @PatsFans: It's Patriots Game Day.  RT If you're ready to see the Patriots beat the Packers later this afternoon! #NextGameUp http://t.c\xe2\x80\xa6"""
123148,b'RT @BaxFootballGuru: Most #NFL RS wins 1970-14 (Wk 12): #Steelers (419) #Dolphins (406) #Cowboys (405) #Broncos (401) #49ers (394) #Patriot\xe2\x80\xa6'
123138,b'RT @melissastark: We r talking #GBvsNE all morning. Super Bowl 38.5?  I can see from twitter this game bringing out the best in the fans #f\xe2\x80\xa6'
123137,b'GameDay in Patriots country. #GoPackGo http://t.co/K087zqiJ65'
123126,b'Big game today for my patriots also glad to be off for this one lol'
123122,b'RT @melissastark: We r talking #GBvsNE all morning. Super Bowl 38.5?  I can see from twitter this game bringing out the best in the fans #f\xe2\x80\xa6'
123120,b'RT @Harry_Styles: First @packers game of the season.. Time to sit. http://t.co/cuWQGX5tls'
123113,b'D: RT @SebastianMCESPN: Chandler Jones OUT #Patriots'
123109,"b""RT @A5H0KA: HEADSUP PATRIOTS: If it's good for the goose ... #PJNET #NJ2AS #NRA #2A http://t.co/QPD5C7cHrI"""
123108,"b""RT @packers: 12 a.m. means it's officially GAMEDAY in Green Bay. #NEvsGB http://t.co/pPPuN4F9og"""
123107,"b""It's gameday aka the Super Bowl before Super Bowl.  #Patriots"""
123104,b'RT @melissastark: We r talking #GBvsNE all morning. Super Bowl 38.5?  I can see from twitter this game bringing out the best in the fans #f\xe2\x80\xa6'
123058,b'RT @melissastark: We r talking #GBvsNE all morning. Super Bowl 38.5?  I can see from twitter this game bringing out the best in the fans #f\xe2\x80\xa6'
123049,"b""RT @PatsFans: It's Patriots Game Day.  RT If you're ready to see the Patriots beat the Packers later this afternoon! #NextGameUp http://t.c\xe2\x80\xa6"""
123038,b'Review holistic dessert upon chennai packers but movers: bdD http://t.co/KfocSwJKUS'
123037,b'Chandler Jones OUT #Patriots'
123035,"b'RT @AdamSchefter: Fresh off game in Green Bay, the Patriots will fly straight to San Diego and spend week out there practicing and meeting,\xe2\x80\xa6'"
123034,b'@Whiteboy7thst I got $ on the Patriots. They both wear 12 though'
123022,b'Good morning Patriots. It looks as if more and more people r seeing through this race baiter Holder. https://t.co/qO040a9txn'
123018,b'Patriots injury news :Chandler Jones could be getting closer to return http://t.co/okL9j4nQet #nfl'
123015,b'Blount re-signs with Patriots (AFP)..  #Steelers #NFL'
123014,"b'RT @AdamSchefter: Fresh off game in Green Bay, the Patriots will fly straight to San Diego and spend week out there practicing and meeting,\xe2\x80\xa6'"
123014,"b""It's Patriots Game Day.  RT If you're ready to see the Patriots beat the Packers later this afternoon! #NextGameUp http://t.co/rF3rfOkqfn"""
123013,"b""The numbers behind the Patriots' 7 game win streak: http://t.co/Z29XJsUArF via @ESPNMag #GBvsNE http://t.co/vZQYX14Gsx"""
123012,"b""RT @Cameron_Gray: I can't stop watching this, #SCTop10's #1\n\nRT @MasonMBB: The shot that lifted the #Patriots past Manhattan hits @espn htt\xe2\x80\xa6"""
123012,"b'RT @AdamSchefter: Fresh off game in Green Bay, the Patriots will fly straight to San Diego and spend week out there practicing and meeting,\xe2\x80\xa6'"
123009,b'Let the countdown to Pats @ Pack begin #SundayFunday #Patriots'
123008,b'RT @jrehor: #Packers GameDay! http://t.co/NJSCUEXVXU'
123008,"b'RT @NewsBreakNaija: News Break Nigeria A former senatorial candidate in Delta State and Secretary BOT, Delta Concerned Patriots, Dr.... htt\xe2\x80\xa6'"
123008,"b'RT @Coondawg68: @AdamSchefter the last time they did that they all caught colds. Godspeed, Patriots'"
123001,b'Good Sunday Morning Patriots! Hope everyone had an awesome Thanksgiving on Thursday. Life is not always as we... http://t.co/RdZxOErFQc'
122945,"b'RT @AdamSchefter: Fresh off game in Green Bay, the Patriots will fly straight to San Diego and spend week out there practicing and meeting,\xe2\x80\xa6'"
122933,b'RT @melissastark: We r talking #GBvsNE all morning. Super Bowl 38.5?  I can see from twitter this game bringing out the best in the fans #f\xe2\x80\xa6'
122932,b'RT @packers: Lambeau Field is ready for #NEvsGB. Are you? http://t.co/jhrZGgohkf'
122932,b'#Packers New England Patriots vs. Green Bay Packers Weather Report: Expect Cold Temperatures At ... http://t.co/d9f5brm1nV #SportsRoadhouse'
122926,"b'RT @AdamSchefter: Fresh off game in Green Bay, the Patriots will fly straight to San Diego and spend week out there practicing and meeting,\xe2\x80\xa6'"
122923,"b'RT @RapSheet: #Patriots DE Chandler Jones (hip) made the trip to Green Bay, but source says he\xe2\x80\x99s not expected to play. He hasn\xe2\x80\x99t played sin\xe2\x80\xa6'"
122921,b'@kenomacky @GinnysMark @Balerion_ @InsaneB0lt @vintageFlame @G1PotterBF @Alunkiel @Patriots_fan_10 Good Morning Ken'
122912,b'I want to do something today before the patriots game at 4:25'
122909,b'Good Morning Patriots http://t.co/hTHVEMyK9s'
122905,b'#Patriots-Packrs NFL Week 13 TV channel information &amp; kickoff time #AaronRodgers #GreenBay #GreenBayPackers http://t.co/mnoEwNrzj4'
122858,b'#Patriots-Packrs NFL Week 13 TV channel information &amp; kickoff time #AaronRodgers #GreenBay #GreenBayPackers http://t.co/sdpofvOe4W'
122857,b'RT @MinogueTom: Athens 1944: Britain\xe2\x80\x99s dirty secret http://t.co/lhv2MM9C3P Greek resistance went from brave patriots to dirty Communist ter\xe2\x80\xa6'
122852,b'Casually tweeting Harry Styles about football. He likes the Packers.'
122845,b'Blount back in Patriots backfield (The Associated Press)..  #Steelers #NFL'
122837,"b'RT @AdamSchefter: Fresh off game in Green Bay, the Patriots will fly straight to San Diego and spend week out there practicing and meeting,\xe2\x80\xa6'"
122833,b'Hahaha \xf0\x9f\x91\x8dGood one\xf0\x9f\x98\x82\xf0\x9f\x98\x82@ClayMatthewsEgo: #Packers season is over... http://t.co/5jI8PMUQQY'
122828,b'We r talking #GBvsNE all morning. Super Bowl 38.5?  I can see from twitter this game bringing out the best in the fans #firedup @nflnetwork'
122825,"b'@nfl @EAMaddenNFL WRONG ON 3-GO RAVEN, SAINTS, PACKERS. . .THESE 3 WILL WIN TODAY!'"
122801,"b'News Break Nigeria A former senatorial candidate in Delta State and Secretary BOT, Delta Concerned Patriots, Dr.... http://t.co/ZrXiGWO2NW'"
122759,b'@tonicswatcher Patriots is one of the teams.'
122756,b'@Harry_Styles remember the time at Gillette when you tricked us into screaming for the Packers? Well the Patriots are playing them today.'
122744,"b'Cut from Steelers, LeGarrette Blount scores on first Patriots carry (Shutdown Corner)..  #Steelers #NFL'"
122741,"b""RT @A5H0KA: HEADSUP PATRIOTS: If it's good for the goose ... #PJNET #NJ2AS #NRA #2A http://t.co/QPD5C7cHrI"""
122739,"b'If the Browns, Patriots and Raiders l pull off a win I will be a very happy guy'"
122726,b'RT @packers: Tomorrow will be the 1st meeting between Rodgers &amp; Brady as starters.\n\n@StateFarm infographic: http://t.co/nZDEPzY0ht http://t\xe2\x80\xa6'
122726,"b'RT @AdamSchefter: Fresh off game in Green Bay, the Patriots will fly straight to San Diego and spend week out there practicing and meeting,\xe2\x80\xa6'"
122719,"b""@btcarlson @j_hussain My only bet this weekend was on the Patriots. Packers haven't beaten a top team in years. I am a doubter."""
122717,b'RT @USFreedomArmy: The crooked lady pulls a little trick on America. Enlist with us at http://t.co/oSPeY3QMpH. Lady patriots welcome. http:\xe2\x80\xa6'
122714,b'Brady passes Patriots to 34-9 win over Lions (The Associated Press)..  #Steelers #NFL'
122708,"b'RT @RapSheet: #Patriots DE Chandler Jones (hip) made the trip to Green Bay, but source says he\xe2\x80\x99s not expected to play. He hasn\xe2\x80\x99t played sin\xe2\x80\xa6'"
122706,"b'@BillSomhigh36 @nflnetwork @melissastark Yeah, the @Patriots cheating was weak, and those defending them are weak, too.'"
124156,b'RT @packers: Lambeau Field is ready for #NEvsGB. Are you? http://t.co/jhrZGgohkf'
124156,b'RT @PatriotsExtra: 20 hrs 55 minutes to #Patriots #Packers'
124153,b'RT @Boston3Digital: Who will succeed more tomorrow               RT- #Patriots.                                            FAV- #Packers ht\xe2\x80\xa6'
124149,b'RT @ESPNNFL: RT if you have the @packers (8-3) putting an end to the Patriots (9-2) 7-game win streak on Sunday! http://t.co/hUTxjvPxmX'
124143,b'New to HHSR: Who can beat the New England #Patriots in the NFL playoffs? We examine the contenders! http://t.co/1zlKf7n9R7'
124142,b'RT @ESPNNFL: RT if you have the @Patriots (9-2) defeating the Packers (8-3) on Sunday! http://t.co/2WTkpSswge'
124141,"b'@mtkr @LorraineReagan RT @JHeavey17: Wont get that at a Patriots game! @cbrown4747: This tifo was amazing! #NERevs \xf0\x9f\x91\x8c http://t.co/LWb3qy013v""'"
124139,b'RT @Boston3Digital: Who will succeed more tomorrow               RT- #Patriots.                                            FAV- #Packers ht\xe2\x80\xa6'
124135,"b""RT @PatsGazette: Pats-Pack preview. Something's gotta give #PatriotsTalk http://t.co/dW8G7Wu1vH http://t.co/In5aH9g3Kh (via @tomecurran)"""
124135,"b""RT @JoshMcDermitt: Going to the @packers game on Sunday. Who's tailgating and wants to let me crash their fiesta? I'll bring brats :)"""
124135,"b""RT @Flyer_thanu2: Bears won't even score 20 points on the Patriots"""
124135,b'RT @MasonWBB: #Patriots hold on for a 71-62 win  over MVSU! http://t.co/Mgt4YrUN1m http://t.co/0JOiiHZ5I1'
124132,b'RT @BraveConWarrior: \xe2\x98\x85\xe2\x98\x85\xe2\x98\x85 Patriots Who Dare...  Join our fight to save America! \xe2\x9e\xa1 Click Here \xe2\x9e\xa1 http://t.co/cEJwhvPFCT #BB4SP http://t.co/8xm\xe2\x80\xa6'
124128,"b""RT @Boston3Digital: I can't wait till tomorrow like fr fr #Patriots http://t.co/IAaRJhJpKM"""
124128,"b""I'll ask again can the @Patriots draft tyler Boyd  this year even though he isn't eligible until next year"""
124128,b'RT @Boston3Digital: Who will succeed more tomorrow               RT- #Patriots.                                            FAV- #Packers ht\xe2\x80\xa6'
124127,b'RT @JumboHart: #ppgs RT @RochieWBZ: Tom Brady 33-4 when game time temp is 40-degrees or below - expected game time temp Sunday at GB? 25-de\xe2\x80\xa6'
124126,b'RT @PatriotsExtra: 20 hrs 55 minutes to #Patriots #Packers'
124125,b'RT @Boston3Digital: Who will succeed more tomorrow               RT- #Patriots.                                            FAV- #Packers ht\xe2\x80\xa6'
124125,b'RT @Boston3Digital: Who will succeed more tomorrow               RT- #Patriots.                                            FAV- #Packers ht\xe2\x80\xa6'
124124,b'RT @packers: Hype of #Patriots showdown doesn\xe2\x80\x99t change #Packers approach.\n\nTake one last look at #NEvsGB: http://t.co/M18o90DkjH http://t.c\xe2\x80\xa6'
124122,b'RT @ESPNNFL: RT if you have the @Patriots (9-2) defeating the Packers (8-3) on Sunday! http://t.co/2WTkpSswge'
124120,b'RT @Boston3Digital: Who will succeed more tomorrow               RT- #Patriots.                                            FAV- #Packers ht\xe2\x80\xa6'
124120,"b""RT @JoshMcDermitt: Going to the @packers game on Sunday. Who's tailgating and wants to let me crash their fiesta? I'll bring brats :)"""
124120,b'RT @packers: Lambeau Field is ready for #NEvsGB. Are you? http://t.co/jhrZGgohkf'
124118,"b""RT @Boston3Digital: I can't wait till tomorrow like fr fr #Patriots http://t.co/IAaRJhJpKM"""
124113,b'RT @Boston3Digital: Who will succeed more tomorrow               RT- #Patriots.                                            FAV- #Packers ht\xe2\x80\xa6'
124111,b'RT @ESPNNFL: RT if you have the @Patriots (9-2) defeating the Packers (8-3) on Sunday! http://t.co/2WTkpSswge'
124111,b'Now if the Packers can pull out a win tomorrow this weekend will be even better! #WisconsinSports'
124106,"b'\xe2\x80\x9c@cpriceNFL: In year filled with penalties, Devin McCourty is only member of #Patriots to play at least 700 snaps &amp; not be flagged"" wow!'"
124104,b'RT @packers: 24 hours to go. \n\nGet ready by watching the #NEvsGB game trailer: http://t.co/Kx4h1On14m http://t.co/GngVk79gzQ'
124104,b'RT @Boston3Digital: Who will succeed more tomorrow               RT- #Patriots.                                            FAV- #Packers ht\xe2\x80\xa6'
124103,b'https://t.co/1V1sBT6qhM America from some true patriots. Sing it loud and proud...'
124103,b'RT @harper_A_: Patriot vs Packers is going to be a good one'
124101,b'RT @ESPNNFL: RT if you have the @Patriots (9-2) defeating the Packers (8-3) on Sunday! http://t.co/2WTkpSswge'
124052,b'RT @ESPNNFL: RT if you have the @packers (8-3) putting an end to the Patriots (9-2) 7-game win streak on Sunday! http://t.co/hUTxjvPxmX'
124048,b'RT @packers: Tomorrow will be the 1st meeting between Rodgers &amp; Brady as starters.\n\n@StateFarm infographic: http://t.co/nZDEPzY0ht http://t\xe2\x80\xa6'
124043,b'RT @Boston3Digital: Who will succeed more tomorrow               RT- #Patriots.                                            FAV- #Packers ht\xe2\x80\xa6'
124041,b'RT @packers: Time-lapse: #Packers fans remove snow from @LambeauField.\n\nWatch: http://t.co/SEFBgNYZHF @Ariens http://t.co/j6Y6zhROFf'
124040,"b""RT @MostDopePatsFan: @Espn_Phill @Patsnation87 @Patriots I got it worst then both yall I'm in NJ. \xe2\x9c\x8b remember I had to suffer 2 SB losses to\xe2\x80\xa6"""
124036,b'RT @packers: Lambeau Field is ready for #NEvsGB. Are you? http://t.co/jhrZGgohkf'
124036,"b""@packers @EAMaddenNFL GREEN BAY ALL THE WAY, team is soooooo good that the only result is to win \xf0\x9f\x8f\x86 c'mon team make it happen"""
124036,"b""The only football team I care about is my Patriots. I'll save all of my obnoxiousness for the playoffs."""
124035,b'RT @ESPNNFL: RT if you have the @Patriots (9-2) defeating the Packers (8-3) on Sunday! http://t.co/2WTkpSswge'
124035,b'RT @RochieWBZ: Tom Brady 33-4 when game time temp is 40-degrees or below - expected game time temp Sunday at GB? 25-degrees #patriots #wbz \xe2\x80\xa6'
124031,b'@LCMtapout24 I know the Packers would never!'
124028,b'RT @packers: Lambeau Field is ready for #NEvsGB. Are you? http://t.co/jhrZGgohkf'
124026,b'A tough loss to the Vols and then @ChrisSloan1972 commits to the Packers. Salt in the wound.'
124025,b'We are a diverse #NFL family. #football #vikings #patriots #redskins #stocking #christmas #santa http://t.co/L1mFyT4KJP'
124021,"b""\xe2\x80\x9c@CapitalSTEEZ_: I'm not a homosapien. Eye came from the Elevated patriots.\xe2\x80\x9d !"""
124021,"b""RT @packers: The QBs top the list of @EAMaddenNFL's 5 key matchups for #NEvsGB.\n\n1. Rodgers vs. Brady\n2-5. http://t.co/0uEWv1cs5H http://t.\xe2\x80\xa6"""
124019,b'RT @packers: Time-lapse: #Packers fans remove snow from @LambeauField.\n\nWatch: http://t.co/SEFBgNYZHF @Ariens http://t.co/j6Y6zhROFf'
124018,"b""@Espn_Phill @Patsnation87 @Patriots I got it worst then both yall I'm in NJ. \xe2\x9c\x8b remember I had to suffer 2 SB losses to these people \xe2\x9c\x8b"""
124017,b'RT @ESPNNFL: RT if you have the @Patriots (9-2) defeating the Packers (8-3) on Sunday! http://t.co/2WTkpSswge'
124017,"b'If anyone has an extra Ray Nitschke cup, I would gladly take it off your hands. #Packers #Packernation'"
124016,b'@backhudson So proud of my Patriots for making it so far again \xf0\x9f\x98\xab\xf0\x9f\x98\xab'
124011,b'RT @Dan_Gray_: Demoncrats and RINOS: POX on BOTH HOUSES! #TCOT #TLOT #TPOT #PATRIOTS #2P #ECONOMY #LIBERTY #1A #PJNET 11\nhttp://t.co/nHXYIw\xe2\x80\xa6'
124011,b'Life\xe2\x80\xa6 Revealed!: Originally posted on Christian Patriots:In John 4 we have two days of interruption.... http://t.co/1s7bs3IRYu #DCRS2014'
124009,"b""@RochieWBZ @Toucherandrich @weatherchannel \nJust too bad Peyton Manning isn't the Packers quarterback tomorrow? Lol"""
124006,"b""RT @packers: The QBs top the list of @EAMaddenNFL's 5 key matchups for #NEvsGB.\n\n1. Rodgers vs. Brady\n2-5. http://t.co/0uEWv1cs5H http://t.\xe2\x80\xa6"""
124004,b'\xe2\x80\x9c@kevvvvvvvvv: Go Packers\xe2\x80\x9d'
124004,b'http://t.co/XYADA4xtWg #nfl New England Patriots injury update: Chandler Jones close to a return http://t.co/SuBlRGGGlJ'
124002,b'RT @packers: Lambeau Field is ready for #NEvsGB. Are you? http://t.co/jhrZGgohkf'
123955,b'Cant wait till @packers play'
123953,b'RT @ESPNNFL: RT if you have the @Patriots (9-2) defeating the Packers (8-3) on Sunday! http://t.co/2WTkpSswge'
123952,b'RT @PatriotsExtra: 20 hrs 55 minutes to #Patriots #Packers'
123952,b'RT @packers: 24 hours to go. \n\nGet ready by watching the #NEvsGB game trailer: http://t.co/Kx4h1On14m http://t.co/GngVk79gzQ'
123948,"b""RT @nfl: .@AroundTheNFL's Top 10 Comeback POY Candidates:\n\n10. J. Forsett\n9. J. Jones\n8. B. Hoyer\n7-1. http://t.co/wVagYFEnaH http://t.co/z\xe2\x80\xa6"""
123948,b'RT @packers: Tomorrow will be the 1st meeting between Rodgers &amp; Brady as starters.\n\n@StateFarm infographic: http://t.co/nZDEPzY0ht http://t\xe2\x80\xa6'
123948,b'RT @RochieWBZ: Tom Brady 33-4 when game time temp is 40-degrees or below - expected game time temp Sunday at GB? 25-degrees #patriots #wbz \xe2\x80\xa6'
123945,"b""RT @Wyliecowboy: 'The tree of liberty must be refreshed from time to time with the blood of patriots and tyrants.' #PJNET #teaparty #bcot"""
123944,"b'@nflnetwork @SuperBowl more like 90%, its not even close... Not a Patriots fan ejther'"
123937,"b'RT @Patriots: Hello, Green Bay.  #BusinessTrip #NEvsGB http://t.co/DsN3MM6nr3'"
123933,b'RT @Scarlett210: Saturday S/O Great Patriots==&gt; @LeMarquand @Ckirkusa @jjauthor @JessieJaneDuff @Atruetexan @KAFosterSowell @Linda_Wray430 \xe2\x80\xa6'
123932,b'RT @RochieWBZ: Tom Brady 33-4 when game time temp is 40-degrees or below - expected game time temp Sunday at GB? 25-degrees #patriots #wbz \xe2\x80\xa6'
123931,"b'@ASLuhn Believe it or not I\'m actually a Packers fan, but I can\'t ""keep it up"" that long. Do you recommend Cialis once a day for men?'"
123928,b'\xe2\x80\x9c@__krystalxo: \xe2\x80\x9c@nflnetwork: #WhoWillWin: Patriots or Packers? http://t.co/p65BCTerJV\xe2\x80\x9d PACKERS \xf0\x9f\x92\x9a\xf0\x9f\x92\x9b\xe2\x80\x9d go #pats but fuck the pats'
123924,b'@Scarlett210 @LeMarquand @jjauthor @JessieJaneDuff @Atruetexan @KAFosterSowell @Linda_Wray430 @WayneBogda Thx Carole #Patriots #FF'
123923,"b'RT @HHQBclub: Congrats to @triwestsports ...so close Patriots! \xe2\x80\x9c@IHSAA1: FINAL: Tri-West Hendricks 49, Andrean 27. #IHSAA Class 3A State Ch\xe2\x80\xa6'"
123923,b'RT @ESPNNFL: RT if you have the @Patriots (9-2) defeating the Packers (8-3) on Sunday! http://t.co/2WTkpSswge'
123919,b'RT @packers: Lambeau Field is ready for #NEvsGB. Are you? http://t.co/jhrZGgohkf'
123917,b'@RichAlso thanks. Go Patriots.'
123917,"b""RT @PatsGazette: Pats-Pack preview. Something's gotta give #PatriotsTalk http://t.co/dW8G7Wu1vH http://t.co/In5aH9g3Kh (via @tomecurran)"""
123910,b'RT @leila53233: .\nThe Most BEAUTIFUL Women in the World\n \nAre PATRIOTS Who Would DIE For Their COUNTRY\n \n@SDAL14 SOS_Sinjar #Kobane http://\xe2\x80\xa6'
123907,b'RT @packers: Lambeau Field is ready for #NEvsGB. Are you? http://t.co/jhrZGgohkf'
123905,b'Patriots vs. Packers could be Super Bowl preview: Local Weekly... http://t.co/tjEA38q8Or Local Weekly Paper http://t.co/0aWdWhcpmZ'
123905,b'Vernal cargo dock packers placid dyed-in-the-wool lapse into knock the minnesota vikings: cumUJSj'
123903,b'RT @ESPNNFL: RT if you have the @packers (8-3) putting an end to the Patriots (9-2) 7-game win streak on Sunday! http://t.co/hUTxjvPxmX'
123902,"b""@sean_naylor Will the NE #Patriots represent the AFC in the Super Bowl, who's going to represent the NFC, and will they beat them?"""
123902,"b""@ESPNNFL @packers ain't gonna happen\xf0\x9f\x98\x8a"""
123901,b'Pat and Packers will be a good game'
123859,b'RT @Scarlett210: Saturday S/O Great Patriots==&gt; @LeMarquand @Ckirkusa @jjauthor @JessieJaneDuff @Atruetexan @KAFosterSowell @Linda_Wray430 \xe2\x80\xa6'
123858,b'RT @packers: Lambeau Field is ready for #NEvsGB. Are you? http://t.co/jhrZGgohkf'
123858,b'Alabama &amp; my Packers win &amp; my week will be complete'
123857,b'RT @RochieWBZ: Tom Brady 33-4 when game time temp is 40-degrees or below - expected game time temp Sunday at GB? 25-degrees #patriots #wbz \xe2\x80\xa6'
123855,"b""@patriots Patriots let's win tomorrow : )"""
123853,b'RT @ESPNNFL: RT if you have the @packers (8-3) putting an end to the Patriots (9-2) 7-game win streak on Sunday! http://t.co/hUTxjvPxmX'
123851,"b""@noel_clark2000 @Larryputt Patriots are cool people :)) Am sure the race baiters didn't tell them that."""
123851,"b""@Espn_Phill @Patriots you don't need people like that in your life haha"""
123847,b'RT @ESPNNFL: RT if you have the @Patriots (9-2) defeating the Packers (8-3) on Sunday! http://t.co/2WTkpSswge'
123846,b'#GreenBay #Packers IQ (print edition) in time for the Holidays http://t.co/tYgEMHJnk8 via @blackmesabooks #cybermonday'
123846,b'RT @packers: #Packers &amp; #Patriots are the only NFL teams to make the playoffs each of the last 5 seasons: http://t.co/OqBzXW22cF http://t.c\xe2\x80\xa6'
123846,"b""@UnivAndState too bad you don't tweet packers games )"""
123838,b'#GreenBay #Packers IQ (print edition) in time for the Holidays http://t.co/BQG75VzmmY via @blackmesabooks #cybermonday'
123837,b'Excited to watch the Packers destroy the Patriots at Lambeau \xf0\x9f\x91\x8c\xf0\x9f\x98\x8f'
123836,b'6 4 Sunday Plenty on the line in Broncos-Chiefs showdown #AaronRodgers #GreenBay #JustinHouston #Patriots #TomBrady http://t.co/ObwyPwRoWH'
123836,b'RT @packers: Lambeau Field is ready for #NEvsGB. Are you? http://t.co/jhrZGgohkf'
123835,"b'RT @HHQBclub: Congrats to @triwestsports ...so close Patriots! \xe2\x80\x9c@IHSAA1: FINAL: Tri-West Hendricks 49, Andrean 27. #IHSAA Class 3A State Ch\xe2\x80\xa6'"
123835,b'RT @RochieWBZ: Tom Brady 33-4 when game time temp is 40-degrees or below - expected game time temp Sunday at GB? 25-degrees #patriots #wbz \xe2\x80\xa6'
123834,b'RT @ESPNNFL: RT if you have the @packers (8-3) putting an end to the Patriots (9-2) 7-game win streak on Sunday! http://t.co/hUTxjvPxmX'
123831,"b'RT @JHeavey17: Wont get that at a Patriots game! ""@cbrown4747: This tifo was amazing! #NERevs \xf0\x9f\x91\x8c http://t.co/TrFoscmeUz""'"
123830,b'RT @PatriotsExtra: 20 hrs 55 minutes to #Patriots #Packers'
123829,b'RT @ESPNNFL: RT if you have the @packers (8-3) putting an end to the Patriots (9-2) 7-game win streak on Sunday! http://t.co/hUTxjvPxmX'
123828,"b""RT @puristflyfisher: Keep Up The Faith Patriots. You Don't Stand Alone. http://t.co/aZaBwuJJuL"""
123826,b'RT @RochieWBZ: Tom Brady 33-4 when game time temp is 40-degrees or below - expected game time temp Sunday at GB? 25-degrees #patriots #wbz \xe2\x80\xa6'
123826,b'RT @PatriotsExtra: 20 hrs 55 minutes to #Patriots #Packers'
123826,"b""RT @packers: The QBs top the list of @EAMaddenNFL's 5 key matchups for #NEvsGB.\n\n1. Rodgers vs. Brady\n2-5. http://t.co/0uEWv1cs5H http://t.\xe2\x80\xa6"""
123824,b'#GreenBay #Packers IQ (print edition) in time for the Holidays http://t.co/ge9uUU2Jpw via @blackmesabooks #cybermonday'
123822,b'RT @packers: Lambeau Field is ready for #NEvsGB. Are you? http://t.co/jhrZGgohkf'
123821,b'6 4 Sunday Plenty on the line in Broncos-Chiefs showdown #AaronRodgers #GreenBay #JustinHouston #Patriots #TomBrady http://t.co/uCcUJH6k7g'
123821,b'The boys basketball team plays Meridian tonight at 7:45 in the championship game of the Vienna Classic. \xf0\x9f\x8f\x80'
123820,b'RT @packers: Lambeau Field is ready for #NEvsGB. Are you? http://t.co/jhrZGgohkf'
123820,b'RT @ESPNNFL: RT if you have the @Patriots (9-2) defeating the Packers (8-3) on Sunday! http://t.co/2WTkpSswge'
123818,b'RT @JumboHart: #ppgs RT @RochieWBZ: Tom Brady 33-4 when game time temp is 40-degrees or below - expected game time temp Sunday at GB? 25-de\xe2\x80\xa6'
123817,"b'RT @UKPatriotsfan22: @Espn_Phill @Patsnation87 @Patriots I live in Woking, Surrey England and represent #PatriotsNation all day everyday! \xf0\x9f\x94\xb4\xe2\x80\xa6'"
123817,"b""RT @packers: The QBs top the list of @EAMaddenNFL's 5 key matchups for #NEvsGB.\n\n1. Rodgers vs. Brady\n2-5. http://t.co/0uEWv1cs5H http://t.\xe2\x80\xa6"""
123817,b'I Need The @packers To Go To The Playoffs!'
123817,"b""RT @packers: The QBs top the list of @EAMaddenNFL's 5 key matchups for #NEvsGB.\n\n1. Rodgers vs. Brady\n2-5. http://t.co/0uEWv1cs5H http://t.\xe2\x80\xa6"""
123816,b'RT @packers: Lambeau Field is ready for #NEvsGB. Are you? http://t.co/jhrZGgohkf'
123811,b'RT @RochieWBZ: Tom Brady 33-4 when game time temp is 40-degrees or below - expected game time temp Sunday at GB? 25-degrees #patriots #wbz \xe2\x80\xa6'
123810,b'RT @ESPNNFL: RT if you have the @packers (8-3) putting an end to the Patriots (9-2) 7-game win streak on Sunday! http://t.co/hUTxjvPxmX'
123809,b'NFL Odds: Packers favored in potential Super Bowl preview vs. Pats http://t.co/vjivqzz4XV NFL  #NFL #UPDATE'
123808,b'RT @Tamarac1954: Kudos to the 60 or so patriots who showed up. Where were the others that could have there. Waiting for others to kick door\xe2\x80\xa6'
123808,b'RT @ESPNNFL: RT if you have the @packers (8-3) putting an end to the Patriots (9-2) 7-game win streak on Sunday! http://t.co/hUTxjvPxmX'
123805,b'RT @ESPNNFL: RT if you have the @Patriots (9-2) defeating the Packers (8-3) on Sunday! http://t.co/2WTkpSswge'
123804,"b""A decent bowl game victory against a quality team and I'll consider this a successful season for my #Gophers. #StandardsRaised"""
123800,b'Are you @11Mikaylae \xf0\x9f\x92\x9a\xf0\x9f\x91\x8a\xf0\x9f\x92\xa2 \xe2\x80\x9c@packers: Lambeau Field is ready for #NEvsGB. Are you? http://t.co/HsU22ixtGl\xe2\x80\x9d'
123757,b'RT @ESPNNFL: RT if you have the @Patriots (9-2) defeating the Packers (8-3) on Sunday! http://t.co/2WTkpSswge'
123757,b'#GreenBay #Packers IQ (print edition) in time for the Holidays http://t.co/BQG75VzmmY via @blackmesabooks'
123756,b'RT @packers: Lambeau Field is ready for #NEvsGB. Are you? http://t.co/jhrZGgohkf'
123755,b'RT @RochieWBZ: Tom Brady 33-4 when game time temp is 40-degrees or below - expected game time temp Sunday at GB? 25-degrees #patriots #wbz \xe2\x80\xa6'
123753,b'RT @ESPNNFL: Chargers remaining schedule (toughest in NFL):\nat Ravens: 7-4\nPatriots: 9-2\nBroncos: 8-3\nat 49ers: 7-5\nat Chiefs: 7-4 http://t\xe2\x80\xa6'
123753,b'RT @packers: Lambeau Field is ready for #NEvsGB. Are you? http://t.co/jhrZGgohkf'
123745,b'RT @ESPNNFL: RT if you have the @Patriots (9-2) defeating the Packers (8-3) on Sunday! http://t.co/2WTkpSswge'
123744,b'RT @ESPNNFL: RT if you have the @packers (8-3) putting an end to the Patriots (9-2) 7-game win streak on Sunday! http://t.co/hUTxjvPxmX'
123741,"b""@Mamba_Lakers24 Pats/Packers only game I'm lookin forward to watchin tbh"""
123741,"b'if the #Patriots wanna beat the #packers, i like to see them try. #WhoWillWin #packers'"
123740,b'RT @packers: Time-lapse: #Packers fans remove snow from @LambeauField.\n\nWatch: http://t.co/SEFBgNYZHF @Ariens http://t.co/j6Y6zhROFf'
123737,b'Just How Radical Were The People Who Influenced Barack Hussein Obama? http://t.co/8KOLVhJAEk via @po_st #PJNET #TCOT #PATRIOTS #CCOT'
123729,b'Patriots sign Darius Fleming to 53-man roster  http://t.co/0mx0mhACi4  #NFL #Patriots'
123729,b'Time-lapse: Fans remove snow from Lambeau Field http://t.co/WbLsTAfU0m via @packers'
123724,b'RT @ESPNNFL: RT if you have the @Patriots (9-2) defeating the Packers (8-3) on Sunday! http://t.co/2WTkpSswge'
123721,b'RT @packers: Hype of #Patriots showdown doesn\xe2\x80\x99t change #Packers approach.\n\nTake one last look at #NEvsGB: http://t.co/M18o90DkjH http://t.c\xe2\x80\xa6'
123718,b'RT @RochieWBZ: Tom Brady 33-4 when game time temp is 40-degrees or below - expected game time temp Sunday at GB? 25-degrees #patriots #wbz \xe2\x80\xa6'
123717,"b""@TB12ForPrez @Patriots wait you think they are going to lose out? I don't think that's true"""
123717,b'RT @ESPNNFL: RT if you have the @packers (8-3) putting an end to the Patriots (9-2) 7-game win streak on Sunday! http://t.co/hUTxjvPxmX'
123717,"b""RT @packers: The QBs top the list of @EAMaddenNFL's 5 key matchups for #NEvsGB.\n\n1. Rodgers vs. Brady\n2-5. http://t.co/0uEWv1cs5H http://t.\xe2\x80\xa6"""
123710,b'RT @packers: Lambeau Field is ready for #NEvsGB. Are you? http://t.co/jhrZGgohkf'
123707,b'@amanduhill ready for the big game tomorrow? #Pats #packers'
123706,b'Hope the packers win tomorrow'
123705,b'The anticipation for the Packers Patriots game is killing me'
123704,"b""RT @2crazymofos: Some clown trying to give me guff over the Niners!  Man fuck that!!!  He then tells me he's a fan of the Pats and Packers.\xe2\x80\xa6"""
123703,b'RT @marryJeri: I want Green Bay to beat the Patriots'
123703,b'Kudos to the 60 or so patriots who showed up. Where were the others that could have there. Waiting for others to kick doors open for them so'
123703,b'Look through holistic watch-night service as for chennai packers and movers: zfS http://t.co/nAvPjSfrzc'
123701,b'RT @ESPNNFL: RT if you have the @packers (8-3) putting an end to the Patriots (9-2) 7-game win streak on Sunday! http://t.co/hUTxjvPxmX'
123700,b'RT @PatriotsExtra: 20 hrs 55 minutes to #Patriots #Packers'
123658,"b""http://t.co/mKhs6ZevVP Graphic: Week 13 NFL viewer's guide  http://t.co/673OFePyEd"""
123658,b'RT @ESPNNFL: RT if you have the @Patriots (9-2) defeating the Packers (8-3) on Sunday! http://t.co/2WTkpSswge'
123657,b'RT @packers: Tomorrow will be the 1st meeting between Rodgers &amp; Brady as starters.\n\n@StateFarm infographic: http://t.co/nZDEPzY0ht http://t\xe2\x80\xa6'
123653,"b""@JoshMcDermitt @aaronkrish @AdamTHintze @WalkingDead_AMC He is SO NICE!! Told me he's a HUGE Packers fan when I met him in ATL \xf0\x9f\x98\x8a. Woot!! \xf0\x9f\x91\x8d\xf0\x9f\x91\x8d"""
123652,"b""RT @MiltownBucky: Packers over Vikings \xe2\x9c\x94\xef\xb8\x8f\nBucks over T'Wolves \xe2\x9c\x94\xef\xb8\x8f\nBadgers over Gophers \xe2\x9c\x94\xef\xb8\x8f\n\nIt's been a fun week :D"""
123651,"b'RT @Dameshek: Now THIS is gonna be a dandy. RT @Patriots: Hello, Green Bay.  #BusinessTrip #NEvsGB http://t.co/TKd1TJgOjp'"
123651,b'@MayorStanton @CityScapePhx is that an ice rink on Central ave? And ppl complained that the lazer show at patriots qs was expensive'
123650,"b""I'm so excited for the Packers/Patriots game tomorrow!!  I predict a Packers win! @StephS1025 @dannywood @DonnieWahlberg"""
123649,"b""RT @KallHerKidahh: \xe2\x80\x9c@Espn_Phill: I actually get on people's nerves with my passion for the @Patriots #PatriotsNation\xe2\x80\x9d Mannnnn fuck them!"""
123647,b'Them Pats play tomorrow @Patriots'
123647,b'RT @PatriotsExtra: 20 hrs 55 minutes to #Patriots #Packers'
123646,b'RT @ESPNNFL: RT if you have the @packers (8-3) putting an end to the Patriots (9-2) 7-game win streak on Sunday! http://t.co/hUTxjvPxmX'
123645,b'Analize This Fudge Packers ... http://t.co/osGX06rVpQ'
123645,b'RT @packers: Lambeau Field is ready for #NEvsGB. Are you? http://t.co/jhrZGgohkf'
123644,b'RT @ESPNNFL: RT if you have the @packers (8-3) putting an end to the Patriots (9-2) 7-game win streak on Sunday! http://t.co/hUTxjvPxmX'
123642,b'RT @packers: Lambeau Field is ready for #NEvsGB. Are you? http://t.co/jhrZGgohkf'
123642,b'Why on estop bit differently filthy lucre regardless of cost industrial packers conjunction movers from chennai...'
123642,b'RT @mrhushistory: Now this is what I like to see in my mailbox today! #packers #gopackgo http://t.co/gLmqPdKpRq'
123639,b'Patriots @ Packers tomorrow \xf0\x9f\x91\x8d #gameoftheyear #PatsNation'
123638,b'RT @ESPNNFL: RT if you have the @Patriots (9-2) defeating the Packers (8-3) on Sunday! http://t.co/2WTkpSswge'
123636,b'RT @RochieWBZ: Tom Brady 33-4 when game time temp is 40-degrees or below - expected game time temp Sunday at GB? 25-degrees #patriots #wbz \xe2\x80\xa6'
123634,b'RT @RochieWBZ: Tom Brady 33-4 when game time temp is 40-degrees or below - expected game time temp Sunday at GB? 25-degrees #patriots #wbz \xe2\x80\xa6'
123633,b'Obama Could Be Finally Going To Jail... Democrats Admit This Is Inevitable http://t.co/qK9FbeuX05 via @po_st #PJNET #TCOT #PATRIOTS #CCOT'
123632,"b""RT @packers: The QBs top the list of @EAMaddenNFL's 5 key matchups for #NEvsGB.\n\n1. Rodgers vs. Brady\n2-5. http://t.co/0uEWv1cs5H http://t.\xe2\x80\xa6"""
123631,b'Drs agarwal packers only movers array investing nearabout rs 250cr inflooding developing yet again warehouses ...'
123631,b'RT @PatriotsExtra: 20 hrs 55 minutes to #Patriots #Packers'
123629,b'RT @packers: Lambeau Field is ready for #NEvsGB. Are you? http://t.co/jhrZGgohkf'
123628,"b""I'm earning #mPOINTS Rewards in Patriots. http://t.co/3mjhY2N0xX @Patriots"""
123628,"b""RT @packers: The QBs top the list of @EAMaddenNFL's 5 key matchups for #NEvsGB.\n\n1. Rodgers vs. Brady\n2-5. http://t.co/0uEWv1cs5H http://t.\xe2\x80\xa6"""
123627,"b""RT @OnlyInBOS: Simple. Every 45 RTs this gets, I'll pick 1 person to get this Pats plush pillow. RT+Follow OIB to enter. #GBvsNE http://t.c\xe2\x80\xa6"""
123624,b'RT @ESPNNFL: RT if you have the @packers (8-3) putting an end to the Patriots (9-2) 7-game win streak on Sunday! http://t.co/hUTxjvPxmX'
123623,"b""Being a fan of FSU is like being a Patriots fan. So if ur not a fan of either then you don't understand how nice it is to win ALL THE TIME"""
123622,"b""Guys! If @DangeRussWilson and @JJWatt love Wisconsin so much why don't they play for the @packers ?! #OnWisconsin #GoPackGo"""
123619,"b""RT @packers: The QBs top the list of @EAMaddenNFL's 5 key matchups for #NEvsGB.\n\n1. Rodgers vs. Brady\n2-5. http://t.co/0uEWv1cs5H http://t.\xe2\x80\xa6"""
123619,b'RT @ESPNNFL: RT if you have the @Patriots (9-2) defeating the Packers (8-3) on Sunday! http://t.co/2WTkpSswge'
123619,b'RT @RochieWBZ: Tom Brady 33-4 when game time temp is 40-degrees or below - expected game time temp Sunday at GB? 25-degrees #patriots #wbz \xe2\x80\xa6'
123614,b'RT @ESPNNFL: RT if you have the @packers (8-3) putting an end to the Patriots (9-2) 7-game win streak on Sunday! http://t.co/hUTxjvPxmX'
123611,b'RT @BraveConWarrior: \xe2\x98\x85\xe2\x98\x85\xe2\x98\x85 Patriots Who Dare... \xe2\x9e\xa1 Click Here \xe2\x9e\xa1 http://t.co/R61WnOsXol #BB4SP Join our fight to save America! http://t.co/sVGr\xe2\x80\xa6'
123610,"b""the patriots game is tomorrow and i'm missing it. wow"""
123607,b'So I made a Patriots jersey today..#WorkFlow http://t.co/c8uz9asmGD'
123607,b'RT @PatriotsExtra: 20 hrs 55 minutes to #Patriots #Packers'
123606,b'RT @ESPNNFL: RT if you have the @Patriots (9-2) defeating the Packers (8-3) on Sunday! http://t.co/2WTkpSswge'
123606,b'RT @PatriotsExtra: 20 hrs 55 minutes to #Patriots #Packers'
123606,b'RT @Patriots: Off to Green Bay!\n\n#BusinessTrip #NEvsGB http://t.co/zUQZCwV93Y'
123605,b'RT @kevindoran: Fun Fact - in last 22 combined games between Bucky/Packers and Goldy/Vikings - Wisconsin teams are 20-1-1.  @sconnie @jason\xe2\x80\xa6'
123603,b'RT @PatriotsExtra: 20 hrs 55 minutes to #Patriots #Packers'
123601,b'RT @totalpackers: Predictions: New England Patriots at Green Bay Packers http://t.co/fiT2Da0E8h'
123558,"b'@madtown_jen 1Tweet4 @OurPackers Fans, Follow Team/Player Tweets, UTubes, Pics, Stats &amp; More! Visit http://t.co/ItaOQwSysb. Go #Packers!'"
123557,"b""On top of the beanie my friend got me today, one of my sisters is getting me Patriots jammies from VS, 30 isn't shaping up to be so bad! \xe2\x98\xba"""
123557,b'RT @packers: Lambeau Field is ready for #NEvsGB. Are you? http://t.co/jhrZGgohkf'
123556,b'About to go cuddle with Ava puppy and watch the Cavs...cant wait for 4:25pm tomorrow... Pats/Packers Legooo NE #OnToGreenBay'
123555,b'BOTTOM LINE = LIBERTY\n #TCOT #TLOT #TPOT #JOBS #ECONOMY #JOBS #PATRIOTS #P2 #LIBERTY #DEBT\n#PJNET 11\nhttp://t.co/nuWDXNIGnU'
123554,"b""Great time at @LambeauField today, can't wait for @Patriots @packers game tomorrow! #patsgbtrip http://t.co/QG4JiYAKJw"""
123553,"b""RT @packers: The QBs top the list of @EAMaddenNFL's 5 key matchups for #NEvsGB.\n\n1. Rodgers vs. Brady\n2-5. http://t.co/0uEWv1cs5H http://t.\xe2\x80\xa6"""
123552,b'RT @jtimberlake: @packers  / @Patriots Super Bowl?? #youneverknow'
123552,b'@Patriots @NERevolution NICE!!!! CONGRATS!!!!'
123550,b'The @packers are always ready as are their fans'
123547,"b""RT @packers: The QBs top the list of @EAMaddenNFL's 5 key matchups for #NEvsGB.\n\n1. Rodgers vs. Brady\n2-5. http://t.co/0uEWv1cs5H http://t.\xe2\x80\xa6"""
123546,b'RT @RochieWBZ: Tom Brady 33-4 when game time temp is 40-degrees or below - expected game time temp Sunday at GB? 25-degrees #patriots #wbz \xe2\x80\xa6'
123541,b'RT @PatriotsExtra: 20 hrs 55 minutes to #Patriots #Packers'
123540,b'RT @packers: Lambeau Field is ready for #NEvsGB. Are you? http://t.co/jhrZGgohkf'
123539,b'RT @PatriotsExtra: 20 hrs 55 minutes to #Patriots #Packers'
123536,"b""Damn 72% of the U.S pick the patriots to beat the packers at home.. I'm a patriots fan but sheesh didn't expect that on the road"""
123536,"b'RT @DataGenesis: #PJNET live #RedMeat Twitter rally every Fri 9-11pm ET. Make new friends, chat with fellow patriots &amp; enjoy the show! http\xe2\x80\xa6'"
123531,b'Ready for the Patriots game'
123531,"b""RT @packers: The QBs top the list of @EAMaddenNFL's 5 key matchups for #NEvsGB.\n\n1. Rodgers vs. Brady\n2-5. http://t.co/0uEWv1cs5H http://t.\xe2\x80\xa6"""
123529,b'Now this is what I like to see in my mailbox today! #packers #gopackgo http://t.co/gLmqPdKpRq'
123525,b'RT @PatriotsExtra: 20 hrs 55 minutes to #Patriots #Packers'
123525,b'RT @RochieWBZ: Tom Brady 33-4 when game time temp is 40-degrees or below - expected game time temp Sunday at GB? 25-degrees #patriots #wbz \xe2\x80\xa6'
123524,b'RT @ESPNNFL: RT if you have the @packers (8-3) putting an end to the Patriots (9-2) 7-game win streak on Sunday! http://t.co/hUTxjvPxmX'
123524,b'RT @packers: Lambeau Field is ready for #NEvsGB. Are you? http://t.co/jhrZGgohkf'
123523,b'RT @ESPNNFL: RT if you have the @Patriots (9-2) defeating the Packers (8-3) on Sunday! http://t.co/2WTkpSswge'
123523,"b""Greg Cosell's Look Ahead: The overlooked part of the Patriots:  http://t.co/YVeGt0PZc9 #DallasCowboys"""
123523,b'RT @packers: Lambeau Field is ready for #NEvsGB. Are you? http://t.co/jhrZGgohkf'
123519,b'RT @PatriotsExtra: 20 hrs 55 minutes to #Patriots #Packers'
123517,b'RT @lombardiave: Green Bay Packers vs. N.E. Patriots - Legends are made http://t.co/nhLHHTSdx6'
123516,"b""@IannazzoJason @sourdoughsam  \xe2\x80\x9c@ecwiscott: Wisconsin goes 3-0'during Minnesota rivalry week. #Packers #Bucks #Badgers\xe2\x80\x9d"""
123516,b'RT @ESPNNFL: RT if you have the @Patriots (9-2) defeating the Packers (8-3) on Sunday! http://t.co/2WTkpSswge'
123514,b'RT @RochieWBZ: Tom Brady 33-4 when game time temp is 40-degrees or below - expected game time temp Sunday at GB? 25-degrees #patriots #wbz \xe2\x80\xa6'
123514,b'RT @packers: Lambeau Field is ready for #NEvsGB. Are you? http://t.co/jhrZGgohkf'
123513,"b""tomorrow's packers vs patriots is probably the NFL game of the year"""
123513,"b""#Packers Tweets: The QBs top the list of @EAMaddenNFL's 5 key matchups for #NEvsGB. 1.\xe2\x80\xa6 http://t.co/DNPEj9j8kJ #NFL http://t.co/6VrALCFLsZ"""
123513,b'Patriots vs. Packers could be Super Bowl preview http://t.co/vUd9rY1Gql'
123511,b'RT @ProFootballTalk: Patriots bring up LB Darius Fleming from practice squad http://t.co/TEEoTd9IBs'
123510,b'RT @ESPNNFL: RT if you have the @Patriots (9-2) defeating the Packers (8-3) on Sunday! http://t.co/2WTkpSswge'
123508,"b""RT @packers: The QBs top the list of @EAMaddenNFL's 5 key matchups for #NEvsGB.\n\n1. Rodgers vs. Brady\n2-5. http://t.co/0uEWv1cs5H http://t.\xe2\x80\xa6"""
123508,b'RT @PatriotsExtra: 20 hrs 55 minutes to #Patriots #Packers'
123505,b'RT @ESPNNFL: RT if you have the @Patriots (9-2) defeating the Packers (8-3) on Sunday! http://t.co/2WTkpSswge'
123504,b'@LG_Blount already got his whole twitter back to  patriots  #patnation'
123504,"b""#Packers The QBs top the list of @EAMaddenNFL's 5 key matchups for #NEvsGB. 1. Rodgers vs. Brady\xe2\x80\xa6 http://t.co/rs7hVvdFpO #SportsRoadhouse"""
123504,b'RT @PatriotsExtra: 20 hrs 55 minutes to #Patriots #Packers'
123503,"b""New England Patriots' Defense Good Enough To Slow Down Green Bay Packers - RantSports http://t.co/LFa9LRn9UT"""
123501,"b""RT @packers: The QBs top the list of @EAMaddenNFL's 5 key matchups for #NEvsGB.\n\n1. Rodgers vs. Brady\n2-5. http://t.co/0uEWv1cs5H http://t.\xe2\x80\xa6"""
123501,b'RT @RochieWBZ: Tom Brady 33-4 when game time temp is 40-degrees or below - expected game time temp Sunday at GB? 25-degrees #patriots #wbz \xe2\x80\xa6'
123459,b'#Ticket -  2 PREMIER TIX for PATRIOTS vs BILLS  o... https://t.co/0Rwgqge4rh #LiveEvents | https://t.co/yBvBzysuBA http://t.co/SsBIaQzTvR'
123457,"b""\xe2\x80\x9c@Espn_Phill: I actually get on people's nerves with my passion for the @Patriots #PatriotsNation\xe2\x80\x9d Mannnnn fuck them!"""
123452,b'RT @PatriotsExtra: 20 hrs 55 minutes to #Patriots #Packers'
123451,b'I want Green Bay to beat the Patriots'
123451,b'RT @ESPNNFL: RT if you have the @Patriots (9-2) defeating the Packers (8-3) on Sunday! http://t.co/2WTkpSswge'
123447,b'RT @JumboHart: #ppgs RT @RochieWBZ: Tom Brady 33-4 when game time temp is 40-degrees or below - expected game time temp Sunday at GB? 25-de\xe2\x80\xa6'
123446,b'RT @RochieWBZ: Tom Brady 33-4 when game time temp is 40-degrees or below - expected game time temp Sunday at GB? 25-degrees #patriots #wbz \xe2\x80\xa6'
123445,b'RT @PatriotsExtra: 20 hrs 55 minutes to #Patriots #Packers'
123444,"b""RT @NFL24x7: Week 13 NFL picks and game of the week for the Sun's handicapping contest http://t.co/DutsEE36Ce"""
123441,b'RT @packers: Lambeau Field is ready for #NEvsGB. Are you? http://t.co/jhrZGgohkf'
123439,"b""RT @packers: The QBs top the list of @EAMaddenNFL's 5 key matchups for #NEvsGB.\n\n1. Rodgers vs. Brady\n2-5. http://t.co/0uEWv1cs5H http://t.\xe2\x80\xa6"""
123436,b'RT @packers: 24 hours to go. \n\nGet ready by watching the #NEvsGB game trailer: http://t.co/Kx4h1On14m http://t.co/GngVk79gzQ'
123432,b'What happened to the Patriots since the start of the season? http://t.co/RkDyTBrqW7 #reddit #nfl'
123432,b'Heath Evans is a Patriots homer.....'
123431,b'RT @RochieWBZ: Tom Brady 33-4 when game time temp is 40-degrees or below - expected game time temp Sunday at GB? 25-degrees #patriots #wbz \xe2\x80\xa6'
123427,b'RT @ESPNNFL: RT if you have the @Patriots (9-2) defeating the Packers (8-3) on Sunday! http://t.co/2WTkpSswge'
123421,b'RT @ZaidZamanHamid: Pashtuns are the great patriots &amp; defenders of Pakistan. All Pashtuns spitted on ANP &amp; Hindu Mushriks in 1947 to join P\xe2\x80\xa6'
123418,"b""Is it weird that I'm already nervous about the @Patriots vs. @Packers game tomorrow?"""
123417,b'Not going to be a good day for tomorrow my friend. RT @LDolengowski: The Green Bay Packers are one of the only things keeping me sane.'
123412,b'RT @AmyMek: Thank You -&gt; Patriots in DC protest against illegal immigration on Thanksgiving!  http://t.co/W1IKviUnAD #tcot #ccot http://t.c\xe2\x80\xa6'
123412,"b""RT @packers: The QBs top the list of @EAMaddenNFL's 5 key matchups for #NEvsGB.\n\n1. Rodgers vs. Brady\n2-5. http://t.co/0uEWv1cs5H http://t.\xe2\x80\xa6"""
123411,b'Demoncrats and RINOS: POX on BOTH HOUSES! #TCOT #TLOT #TPOT #PATRIOTS #2P #ECONOMY #LIBERTY #1A #PJNET 11\nhttp://t.co/nHXYIwCBKU'
123411,"b'RT @DataGenesis: #PJNET live #RedMeat Twitter rally every Fri 9-11pm ET. Make new friends, chat with fellow patriots &amp; enjoy the show! http\xe2\x80\xa6'"
123408,b'RT @ESPNNFL: RT if you have the @packers (8-3) putting an end to the Patriots (9-2) 7-game win streak on Sunday! http://t.co/hUTxjvPxmX'
123406,"b""RT @packers: The QBs top the list of @EAMaddenNFL's 5 key matchups for #NEvsGB.\n\n1. Rodgers vs. Brady\n2-5. http://t.co/0uEWv1cs5H http://t.\xe2\x80\xa6"""
123405,b'RT @ESPNNFL: RT if you have the @Patriots (9-2) defeating the Packers (8-3) on Sunday! http://t.co/2WTkpSswge'
123404,b'RT @ESPNNFL: RT if you have the @packers (8-3) putting an end to the Patriots (9-2) 7-game win streak on Sunday! http://t.co/hUTxjvPxmX'
123402,b'RT @packers: Tomorrow will be the 1st meeting between Rodgers &amp; Brady as starters.\n\n@StateFarm infographic: http://t.co/nZDEPzY0ht http://t\xe2\x80\xa6'
123400,"b""RT @packers: The QBs top the list of @EAMaddenNFL's 5 key matchups for #NEvsGB.\n\n1. Rodgers vs. Brady\n2-5. http://t.co/0uEWv1cs5H http://t.\xe2\x80\xa6"""
123358,b'RT @Su_firstavenger: @packers totally!'
123358,b'RT @SoloChills: RT @PatriotsExtra: 20 hrs 55 minutes to #Patriots #Packers'
123356,b'RT @ESPNNFL: RT if you have the @Patriots (9-2) defeating the Packers (8-3) on Sunday! http://t.co/2WTkpSswge'
123352,"b'RT @Diana236: HAPPY THANKSGIVING, PATRIOTS! HAVE A BLESSED DAY! http://t.co/L1jMVM3Abd'"
123352,b'RT @GBPackers_Diva: Hope the Packers can do this well tomorrow against the Patriots.'
123351,b'RT @RochieWBZ: Tom Brady 33-4 when game time temp is 40-degrees or below - expected game time temp Sunday at GB? 25-degrees #patriots #wbz \xe2\x80\xa6'
123350,"b""RT @packers: The QBs top the list of @EAMaddenNFL's 5 key matchups for #NEvsGB.\n\n1. Rodgers vs. Brady\n2-5. http://t.co/0uEWv1cs5H http://t.\xe2\x80\xa6"""
123350,"b""RT @packers: The QBs top the list of @EAMaddenNFL's 5 key matchups for #NEvsGB.\n\n1. Rodgers vs. Brady\n2-5. http://t.co/0uEWv1cs5H http://t.\xe2\x80\xa6"""
123350,b'RT @PatriotsExtra: 20 hrs 55 minutes to #Patriots #Packers'
123349,b'RT @ESPNNFL: RT if you have the @Patriots (9-2) defeating the Packers (8-3) on Sunday! http://t.co/2WTkpSswge'
123345,b'RT @packers: Lambeau Field is ready for #NEvsGB. Are you? http://t.co/jhrZGgohkf'
123345,b'RT @NESN: Packers Quarterbacks Coach: Darrelle Revis Is \xe2\x80\x98Still A Hell Of A Player\xe2\x80\x99 http://t.co/1jpIjrg27S'
123344,b'RT @PatriotsExtra: 20 hrs 55 minutes to #Patriots #Packers'
123344,b'RT @packers: Lambeau Field is ready for #NEvsGB. Are you? http://t.co/jhrZGgohkf'
123343,b'RT @packers: 24 hours to go. \n\nGet ready by watching the #NEvsGB game trailer: http://t.co/Kx4h1On14m http://t.co/GngVk79gzQ'
123343,"b""I actually get on people's nerves with my passion for the @Patriots #PatriotsNation"""
123343,b'RT @AmyMek: Thank You -&gt; Patriots in DC protest against illegal immigration on Thanksgiving!  http://t.co/W1IKviUnAD #tcot #ccot http://t.c\xe2\x80\xa6'
123342,b'RT @ESPNNFL: RT if you have the @Patriots (9-2) defeating the Packers (8-3) on Sunday! http://t.co/2WTkpSswge'
123341,b'RT @ESPNNFL: RT if you have the @packers (8-3) putting an end to the Patriots (9-2) 7-game win streak on Sunday! http://t.co/hUTxjvPxmX'
123336,b'Green Bay Packers NFL Oatwood 59FIFTY Cap http://t.co/j5pvBe8RlL via @sharethis'
123335,"b""Aaron Charles Rodgers I need you to come through tomorrow . Lord knows my heart can't take the Gators and Packers losing on the same weekend"""
123334,b'RT @ESPNNFL: RT if you have the @Patriots (9-2) defeating the Packers (8-3) on Sunday! http://t.co/2WTkpSswge'
123334,b'RT @packers: Tomorrow will be the 1st meeting between Rodgers &amp; Brady as starters.\n\n@StateFarm infographic: http://t.co/nZDEPzY0ht http://t\xe2\x80\xa6'
123331,b'RT @ESPNNFL: RT if you have the @Patriots (9-2) defeating the Packers (8-3) on Sunday! http://t.co/2WTkpSswge'
123331,b'RT @packers: Lambeau Field is ready for #NEvsGB. Are you? http://t.co/jhrZGgohkf'
123324,b'Want it to be tomorrow @packers \xf0\x9f\x8f\x88'
123323,"b""RT @packers: The QBs top the list of @EAMaddenNFL's 5 key matchups for #NEvsGB.\n\n1. Rodgers vs. Brady\n2-5. http://t.co/0uEWv1cs5H http://t.\xe2\x80\xa6"""
123322,b'Patriots vs. Packers 2014 picks and predictions: Experts split on ... http://t.co/V3eCOiins3'
123322,b'RT @AmyMek: Thank You -&gt; Patriots in DC protest against illegal immigration on Thanksgiving!  http://t.co/W1IKviUnAD #tcot #ccot http://t.c\xe2\x80\xa6'
123322,b'RT @RochieWBZ: Tom Brady 33-4 when game time temp is 40-degrees or below - expected game time temp Sunday at GB? 25-degrees #patriots #wbz \xe2\x80\xa6'
123321,b'RT @JumboHart: #ppgs RT @RochieWBZ: Tom Brady 33-4 when game time temp is 40-degrees or below - expected game time temp Sunday at GB? 25-de\xe2\x80\xa6'
123320,b'RT @JumboHart: #ppgs RT @RochieWBZ: Tom Brady 33-4 when game time temp is 40-degrees or below - expected game time temp Sunday at GB? 25-de\xe2\x80\xa6'
123318,b'BOSE Sounds of the Game - 11/29/2014 #newenglandpatriots http://t.co/vhFgDYutMC'
123317,b'RT @ESPNNFL: RT if you have the @Patriots (9-2) defeating the Packers (8-3) on Sunday! http://t.co/2WTkpSswge'
123315,b'RT @ESPNNFL: RT if you have the @packers (8-3) putting an end to the Patriots (9-2) 7-game win streak on Sunday! http://t.co/hUTxjvPxmX'
123313,"b'\xe2\x80\x9c@SportsCenter: According to Forbes, Packers have best fans in NFL. \xc2\xbb http://t.co/KGXaR7pUA7 http://t.co/l22VVeHyQg\xe2\x80\x9d'"
123312,"b""RT @packers: The QBs top the list of @EAMaddenNFL's 5 key matchups for #NEvsGB.\n\n1. Rodgers vs. Brady\n2-5. http://t.co/0uEWv1cs5H http://t.\xe2\x80\xa6"""
123311,b'RT @ESPNNFL: RT if you have the @packers (8-3) putting an end to the Patriots (9-2) 7-game win streak on Sunday! http://t.co/hUTxjvPxmX'
123309,"b'The soccer team that plays in the #patriots stadium tied today, so now they get to play in the championship game! Cheers'"
123309,"b""RT @ecwiscott: Wisconsin goes 3-0'during Minnesota rivalry week. #Packers #Bucks #Badgers"""
123309,b'RT @ESPNNFL: RT if you have the @packers (8-3) putting an end to the Patriots (9-2) 7-game win streak on Sunday! http://t.co/hUTxjvPxmX'
123308,b'RT @PatriotsExtra: 20 hrs 55 minutes to #Patriots #Packers'
123307,b'RT @perossmeisl: THANK #Veterans for their service EVERYDAY\n@marylene58 @Pudingtane @A5H0KA\n#Veterans #Oathkeepers #Patriots #Military\nhttp\xe2\x80\xa6'
123305,b'Badgers win! When the packers win tomorrow I might just die of a football orgasm'
123300,b'RT @PatriotsExtra: 20 hrs 55 minutes to #Patriots #Packers'
123300,"b""Tomorrow, we'll have Redskins-Colts, Browns-Bill, Patriots-Packers and Broncos-Chiefs. Drink specials all day!"""
123259,b'Had to go buy a Colts shirt to wear to the game tomorrow. My mom told me it would not be appropriate to wear a Packers shirt \xf0\x9f\x98\x82'
123258,"b""RT @packers: The QBs top the list of @EAMaddenNFL's 5 key matchups for #NEvsGB.\n\n1. Rodgers vs. Brady\n2-5. http://t.co/0uEWv1cs5H http://t.\xe2\x80\xa6"""
123257,b'RT @ESPNNFL: RT if you have the @packers (8-3) putting an end to the Patriots (9-2) 7-game win streak on Sunday! http://t.co/hUTxjvPxmX'
123256,b'RT @ESPNNFL: RT if you have the @packers (8-3) putting an end to the Patriots (9-2) 7-game win streak on Sunday! http://t.co/hUTxjvPxmX'
123254,b'RT @ESPNNFL: Chargers remaining schedule (toughest in NFL):\nat Ravens: 7-4\nPatriots: 9-2\nBroncos: 8-3\nat 49ers: 7-5\nat Chiefs: 7-4 http://t\xe2\x80\xa6'
123254,"b""@Wisconsinobrien @MarvelousPacker @packers I'll help you"""
123252,b'RT @Dan_Gray_: TAKE BACK AMERICA!\nFED UP? FIX IT!\n#TCOT #TLOT #TPOT #PATRIOTS #LIBERTY #TEAPARTY #PJNET 9\nhttp://t.co/eNl29agapf'
123243,b'RT @ESPNNFL: RT if you have the @Patriots (9-2) defeating the Packers (8-3) on Sunday! http://t.co/2WTkpSswge'
123242,b'Hey Green Bay make some F**king noise this weekend and beat those poser Patriots! #greenbaypackers'
123242,b'RT @ESPNNFL: RT if you have the @packers (8-3) putting an end to the Patriots (9-2) 7-game win streak on Sunday! http://t.co/hUTxjvPxmX'
123237,b'RT @ESPNNFL: RT if you have the @Patriots (9-2) defeating the Packers (8-3) on Sunday! http://t.co/2WTkpSswge'
123237,b'Well have a blessed Sunday and who do you think will win the big NFL game Patriots at Packers'
123237,b'Pats - Packers tomorrow. This a different type of real nigga game. Too hype!'
123236,"b""RT @packers: The QBs top the list of @EAMaddenNFL's 5 key matchups for #NEvsGB.\n\n1. Rodgers vs. Brady\n2-5. http://t.co/0uEWv1cs5H http://t.\xe2\x80\xa6"""
123235,"b'Boston-haters must be like, ""C\'mon, now even the @NERevolution are in the finals?!"" @Patriots @RedSox @NHLBruins @celtics'"
123235,b'Top Brighton New York Movers and Packers: About Us: Our company gives a full choice to most of your move needs... http://t.co/3mSxPDljcz'
123234,b'Fun Fact - in last 22 combined games between Bucky/Packers and Goldy/Vikings - Wisconsin teams are 20-1-1.  @sconnie @jasonjwilde @TReum10'
123234,"b""RT @InPatsITrust: So, I'm ready for some @Patriots football"""
123231,"b""RT @packers: The QBs top the list of @EAMaddenNFL's 5 key matchups for #NEvsGB.\n\n1. Rodgers vs. Brady\n2-5. http://t.co/0uEWv1cs5H http://t.\xe2\x80\xa6"""
123229,b'@All_Actuality @Espn_Phill Like our chances #Patriots'
123222,b'RT @Patriots: Off to Green Bay!\n\n#BusinessTrip #NEvsGB http://t.co/zUQZCwV93Y'
123221,b'An btw panthers beat the patriots when we played thank you'
123221,b'RT @PatriotsExtra: 20 hrs 55 minutes to #Patriots #Packers'
123219,b'Patriots bouta get waxed tonorrow'
123217,"b""RT @Patriots: Good luck today, @NERevolution! We know you'll hold down the fort @GilletteStadium while we're gone. #MLSPlayoffs http://t.co\xe2\x80\xa6"""
123217,b'RT @ESPNNFL: RT if you have the @Patriots (9-2) defeating the Packers (8-3) on Sunday! http://t.co/2WTkpSswge'
123216,"b""RT @packers: The QBs top the list of @EAMaddenNFL's 5 key matchups for #NEvsGB.\n\n1. Rodgers vs. Brady\n2-5. http://t.co/0uEWv1cs5H http://t.\xe2\x80\xa6"""
123216,b'Patriots offering free exchanges on Aaron Hernandez jerseys: http://t.co/BKsHmKRDoz'
123213,b'RT @ESPNNFL: RT if you have the @packers (8-3) putting an end to the Patriots (9-2) 7-game win streak on Sunday! http://t.co/hUTxjvPxmX'
123212,"b'RT @Patriots: Hello, Green Bay.  #BusinessTrip #NEvsGB http://t.co/DsN3MM6nr3'"
123211,b'@SillyTone12 yeah and the patriots are the best team in the NFL'
123208,b'RT @Patriots: #Patriots sign LB Darius Fleming to the 53-man roster: http://t.co/J8YGNByKbL #NEvsGB'
123207,"b""I'm going to die tomorrow. Packers/Patriots I am not emotionally stable enough to deal with this."""
123206,"b""RT @packers: The QBs top the list of @EAMaddenNFL's 5 key matchups for #NEvsGB.\n\n1. Rodgers vs. Brady\n2-5. http://t.co/0uEWv1cs5H http://t.\xe2\x80\xa6"""
123203,"b'I am 3 for 10 in Teams I Have Cheered For During Rivalry Week, so I hope the football gods reward me with a BIG #Packers win tomorrow.'"
123201,b'RT @bman0_o: 2Q CAL J. Goff sacked by S. Takitaki for -7 yds http://t.co/vvUioDjMAm \xc2\xa0-via SportsCenter http://t.co/iw3kCsvxel\n\nSione. @Patr\xe2\x80\xa6'
123200,b'RT @ESPNNFL: RT if you have the @packers (8-3) putting an end to the Patriots (9-2) 7-game win streak on Sunday! http://t.co/hUTxjvPxmX'
123157,"b""RT @packers: The QBs top the list of @EAMaddenNFL's 5 key matchups for #NEvsGB.\n\n1. Rodgers vs. Brady\n2-5. http://t.co/0uEWv1cs5H http://t.\xe2\x80\xa6"""
123155,b'RT @AmyMek: Thank You -&gt; Patriots in DC protest against illegal immigration on Thanksgiving!  http://t.co/W1IKviUnAD #tcot #ccot http://t.c\xe2\x80\xa6'
123153,b'New England Patriots NFL Oatwood 59FIFTY Cap http://t.co/P6TfMByzKb via @sharethis'
123152,b'RT @ESPNNFL: RT if you have the @packers (8-3) putting an end to the Patriots (9-2) 7-game win streak on Sunday! http://t.co/hUTxjvPxmX'
123152,b'RT @JumboHart: #ppgs RT @RochieWBZ: Tom Brady 33-4 when game time temp is 40-degrees or below - expected game time temp Sunday at GB? 25-de\xe2\x80\xa6'
123145,b'RT @patriotswrestle: Patriots paying the price! #goldiswhatiwant http://t.co/DokJUSLV3e'
123143,b'But seriously this is gonna be me during the Packers/Patriots game tomorrow.  http://t.co/HnsfbEZEOm'
123142,b'@JoshMcDermitt Good to see you! How about those Packers?'
123140,b'RT @Wisconsinobrien: @packers if it was possible I would retweet this a million times'
123139,"b""RT @PatsGazette: Pats-Pack preview. Something's gotta give #PatriotsTalk http://t.co/dW8G7Wu1vH http://t.co/In5aH9g3Kh (via @tomecurran)"""
123139,b'@valmir_mv @palmeirasptd NFL... Green Bay Packers!!!'
123138,b'New England Patriots CB Brandon Browner ready for Aaron Rodgers and Jordy Nelson http://t.co/EW3OuFhGXs via @examinercom'
123138,b'RT @packers: 24 hours to go. \n\nGet ready by watching the #NEvsGB game trailer: http://t.co/Kx4h1On14m http://t.co/GngVk79gzQ'
123135,b'RT @PatriotsExtra: 20 hrs 55 minutes to #Patriots #Packers'
123133,"b""Graphic: Week 13 NFL viewer's guide: We analyze the games and names you need to follow in Week 13 http://t.co/cZba8BfD2j"""
123132,"b""Graphic: Week 13 NFL viewer's guide http://t.co/SroAv42seH #nfl #fantasyfootball"""
123132,"b""Graphic: Week 13 NFL viewer's guide http://t.co/KuZZHV6d7G #NFL #NOSN"""
123132,b'RT @packers: Lambeau Field is ready for #NEvsGB. Are you? http://t.co/jhrZGgohkf'
123129,"b""RT @packers: The QBs top the list of @EAMaddenNFL's 5 key matchups for #NEvsGB.\n\n1. Rodgers vs. Brady\n2-5. http://t.co/0uEWv1cs5H http://t.\xe2\x80\xa6"""
123128,b'RT @ESPNNFL: RT if you have the @Patriots (9-2) defeating the Packers (8-3) on Sunday! http://t.co/2WTkpSswge'
123126,b'RT @packers: Lambeau Field is ready for #NEvsGB. Are you? http://t.co/jhrZGgohkf'
123126,"b""RT @packers: The QBs top the list of @EAMaddenNFL's 5 key matchups for #NEvsGB.\n\n1. Rodgers vs. Brady\n2-5. http://t.co/0uEWv1cs5H http://t.\xe2\x80\xa6"""
123125,b'RT @JumboHart: #ppgs RT @RochieWBZ: Tom Brady 33-4 when game time temp is 40-degrees or below - expected game time temp Sunday at GB? 25-de\xe2\x80\xa6'
123123,b'RT @PatriotsExtra: 20 hrs 55 minutes to #Patriots #Packers'
123122,"b""RT @packers: The QBs top the list of @EAMaddenNFL's 5 key matchups for #NEvsGB.\n\n1. Rodgers vs. Brady\n2-5. http://t.co/0uEWv1cs5H http://t.\xe2\x80\xa6"""
123121,b'@LDolengowski I pray they shut up all the patriots fan tomorrow'
123120,"b'Ayers,Easley,and Jones oh my.....@Patriots'"
123120,b'RT @kstonecipher2: \xe2\x80\x9c@packers: Lambeau Field is ready for #NEvsGB. Are you? http://t.co/2u0Ohwt3vl\xe2\x80\x9d YES @JessiePolsen @ACorpstein24 @Gbrande\xe2\x80\xa6'
123120,b'\xe2\x80\x9c@ProFootballTalk: Patriots bring up LB Darius Fleming from practice squad http://t.co/0lrvCwy7cd\xe2\x80\x9dYes Yes Yes! So proud of you @dfleming58!'
123119,"b"":) RT @packers: Top QB's @EAMaddenNFL's 5 key matchups for #NEvsGB.\n\n1. Rodgers vs. Brady\n2-5. http://t.co/TqJBBIzXO2 http://t.co/C8yL1ED5w6"""
123118,b'RT @packers: Lambeau Field is ready for #NEvsGB. Are you? http://t.co/jhrZGgohkf'
123118,b'RT @ESPNNFL: RT if you have the @Patriots (9-2) defeating the Packers (8-3) on Sunday! http://t.co/2WTkpSswge'
123117,b'RT @CSNNE: Belichick: Manning + Luck = Rodgers. @PhilAPerry story #PatriotsTalk http://t.co/gUrmUcJTQj http://t.co/UGpydZY12z'
123114,b'RT @packers: Lambeau Field is ready for #NEvsGB. Are you? http://t.co/jhrZGgohkf'
123114,b'RT @CULLENBURGAR: Packers play the Patriots tomorrow. That should be a great game!'
123112,b'RT @packers: Lambeau Field is ready for #NEvsGB. Are you? http://t.co/jhrZGgohkf'
123107,"b""My mom was born and grew up in Milwaukee, Wisconsin and is a die hard Packers fan. I'm a die Hard\xe2\x80\xa6 http://t.co/I6NZyJs0r1"""
123107,b'RT @ESPNNFL: RT if you have the @Patriots (9-2) defeating the Packers (8-3) on Sunday! http://t.co/2WTkpSswge'
123107,b'RT @PatriotsExtra: 20 hrs 55 minutes to #Patriots #Packers'
123106,b'RT @ESPNNFL: RT if you have the @packers (8-3) putting an end to the Patriots (9-2) 7-game win streak on Sunday! http://t.co/hUTxjvPxmX'
123106,b'Living the @Patriots lifestyle for real'
123105,"b""@awfulandy im a packers fan! I'm in WI"""
123105,"b""RT @packers: The QBs top the list of @EAMaddenNFL's 5 key matchups for #NEvsGB.\n\n1. Rodgers vs. Brady\n2-5. http://t.co/0uEWv1cs5H http://t.\xe2\x80\xa6"""
123104,b'RT @ESPNNFL: RT if you have the @Patriots (9-2) defeating the Packers (8-3) on Sunday! http://t.co/2WTkpSswge'
123102,b'RT @ESPNNFL: RT if you have the @packers (8-3) putting an end to the Patriots (9-2) 7-game win streak on Sunday! http://t.co/hUTxjvPxmX'
123100,"b""Are Packers fans really trying to put Clay Matthews 1 on 1 with Gronk?.......... Ya, that's a good idea."""
123059,b'@ScharbroughHope @tatee_tatumm packers swag \xe2\x9c\x8c\xef\xb8\x8f'
123056,b'RT @ESPNNFL: RT if you have the @Patriots (9-2) defeating the Packers (8-3) on Sunday! http://t.co/2WTkpSswge'
123052,"b""RT @packers: The QBs top the list of @EAMaddenNFL's 5 key matchups for #NEvsGB.\n\n1. Rodgers vs. Brady\n2-5. http://t.co/0uEWv1cs5H http://t.\xe2\x80\xa6"""
123052,b'RT @PatriotsExtra: 20 hrs 55 minutes to #Patriots #Packers'
123052,b'RT @ESPNNFL: RT if you have the @packers (8-3) putting an end to the Patriots (9-2) 7-game win streak on Sunday! http://t.co/hUTxjvPxmX'
123052,b'RT @ESPNNFL: RT if you have the @Patriots (9-2) defeating the Packers (8-3) on Sunday! http://t.co/2WTkpSswge'
123051,"b'SuperBowl will be "" Patriots vs. The Sea Chickens""'"
123051,b'@nflnetwork Patriots will Dominate.  BRADY IS MVP'
123050,b'\xe2\x80\x9c@packers: Lambeau Field is ready for #NEvsGB. Are you? http://t.co/2u0Ohwt3vl\xe2\x80\x9d YES @JessiePolsen @ACorpstein24 @Gbrander10'
123050,"b""RT @packers: The QBs top the list of @EAMaddenNFL's 5 key matchups for #NEvsGB.\n\n1. Rodgers vs. Brady\n2-5. http://t.co/0uEWv1cs5H http://t.\xe2\x80\xa6"""
123050,b'RT @ESPNNFL: RT if you have the @Patriots (9-2) defeating the Packers (8-3) on Sunday! http://t.co/2WTkpSswge'
123048,b'RT @PatriotsExtra: 20 hrs 55 minutes to #Patriots #Packers'
123047,"b""@MaxBrady1029 I'm also a patriots fan and it's different because we dominate opponents \xf0\x9f\x98\x82"""
123044,b'RT @PatriotsExtra: 20 hrs 55 minutes to #Patriots #Packers'
123044,b'RT @ESPNNFL: RT if you have the @packers (8-3) putting an end to the Patriots (9-2) 7-game win streak on Sunday! http://t.co/hUTxjvPxmX'
123044,b'RT @BraveConWarrior: \xe2\x98\x85\xe2\x98\x85\xe2\x98\x85 Patriots Who Dare... \xe2\x9e\xa1 Click Here \xe2\x9e\xa1 http://t.co/R61WnOsXol #BB4SP Join our fight to save America! http://t.co/sVGr\xe2\x80\xa6'
123043,b'RT @ESPNNFL: RT if you have the @Patriots (9-2) defeating the Packers (8-3) on Sunday! http://t.co/2WTkpSswge'
123042,b'RT @ESPNNFL: RT if you have the @packers (8-3) putting an end to the Patriots (9-2) 7-game win streak on Sunday! http://t.co/hUTxjvPxmX'
123042,b'RT @ESPNNFL: RT if you have the @Patriots (9-2) defeating the Packers (8-3) on Sunday! http://t.co/2WTkpSswge'
123041,"b""Now it's #PatriotsNation time \xf0\x9f\x92\xaa Beat the packers \xf0\x9f\x98\x8e"""
123040,b'@olbagofdonuts do you still live in the Twin Cities?'
123037,"b""RT @PatsGazette: Pats-Pack preview. Something's gotta give #PatriotsTalk http://t.co/dW8G7Wu1vH http://t.co/In5aH9g3Kh (via @tomecurran)"""
123035,b'\xe2\x80\x9c@PatriotsExtra: 20 hrs 55 minutes to #Patriots #Packers\xe2\x80\x9d @bradwyne gonna lose'
123034,"b'Yeahh!!! It\'s almost Sunday #EXCITEDDDDD \nRT""@packers: Lambeau Field is ready for #NEvsGB. Are you? http://t.co/Sn5OBwDQZL""'"
123034,b'RT @ESPNNFL: RT if you have the @Patriots (9-2) defeating the Packers (8-3) on Sunday! http://t.co/2WTkpSswge'
123030,b'RT @ESPNNFL: RT if you have the @Patriots (9-2) defeating the Packers (8-3) on Sunday! http://t.co/2WTkpSswge'
123026,b'RT @ESPNNFL: RT if you have the @Patriots (9-2) defeating the Packers (8-3) on Sunday! http://t.co/2WTkpSswge'
123026,"b""RT @packers: The QBs top the list of @EAMaddenNFL's 5 key matchups for #NEvsGB.\n\n1. Rodgers vs. Brady\n2-5. http://t.co/0uEWv1cs5H http://t.\xe2\x80\xa6"""
123024,b'@JaredSoderholm the patriots are going to destroy the packers \xe2\x9d\xa4\xef\xb8\x8f\xf0\x9f\x92\x99'
123024,b'\xe2\x9d\xa4\xef\xb8\x8f \xe2\x80\x9cTomorrow will be the 1st meeting between Rodgers &amp; Brady as starters. http://t.co/161qQ7OfhZ http://t.co/84rpcpOMKC\xe2\x80\x9d'
123024,b'RT @PatriotsExtra: 20 hrs 55 minutes to #Patriots #Packers'
123022,b'RT @PatriotsExtra: 20 hrs 55 minutes to #Patriots #Packers'
123021,b'Packers defeated the Detroit Lions 24-20.'
123021,b'RT @Bmrotek12: All we need now is the packers to win and it will be a great weekend to be a Wisconsin sport fan!!'
123020,b'RT @PatriotsExtra: 20 hrs 55 minutes to #Patriots #Packers'
123019,b'RT @PatriotsExtra: 20 hrs 55 minutes to #Patriots #Packers'
123019,"b'@packers http://t.co/EyWXxMeFjs PLEASE/BUY/RT/FOLLOW, MOST PROFIT GOES TO MIND. 8 left for double items!(under 4) SELL OTHER STUFF.'"
123018,b'Week 13 Patriots vs Packers :Film Review http://t.co/4C8cdpEqrU #nfl'
123017,b'RT @perossmeisl: THANK #Veterans for their service EVERYDAY\n@marylene58 @Pudingtane @A5H0KA\n#Veterans #Oathkeepers #Patriots #Military\nhttp\xe2\x80\xa6'
123016,"b""Wisconsin Badgers defeat Minnesota Gophers 34-24 http://t.co/WCJr3aJVWY  I'm so excited.  Tomorrow Packers. #LongLiveLongmire"""
123014,b'RT @LDolengowski: The Green Bay Packers are one of the only things keeping me sane.'
123014,"b'RT @Patriots: Hello, Green Bay.  #BusinessTrip #NEvsGB http://t.co/DsN3MM6nr3'"
123014,b'RT @PatriotsExtra: 20 hrs 55 minutes to #Patriots #Packers'
123014,b'RT @ESPNNFL: RT if you have the @packers (8-3) putting an end to the Patriots (9-2) 7-game win streak on Sunday! http://t.co/hUTxjvPxmX'
123013,b'RT @ESPNNFL: RT if you have the @Patriots (9-2) defeating the Packers (8-3) on Sunday! http://t.co/2WTkpSswge'
123013,b'RT @ESPNNFL: RT if you have the @packers (8-3) putting an end to the Patriots (9-2) 7-game win streak on Sunday! http://t.co/hUTxjvPxmX'
123012,b'RT @ESPNNFL: RT if you have the @Patriots (9-2) defeating the Packers (8-3) on Sunday! http://t.co/2WTkpSswge'
123012,b'RT @PatriotsSB: \xe2\x80\x9c@SnoaH_: @ESPNNFL @packers nah patriots gonna win pats are the best team in the NFC\xe2\x80\x9d http://t.co/NJzyAVfkdg'
123011,"b""The QBs top the list of @EAMaddenNFL's 5 key matchups for #NEvsGB.\n\n1. Rodgers vs. Brady\n2-5. http://t.co/0uEWv1cs5H http://t.co/C3hSdyW2Ax"""
123011,b'RT @packers: 24 hours to go. \n\nGet ready by watching the #NEvsGB game trailer: http://t.co/Kx4h1On14m http://t.co/GngVk79gzQ'
123010,b'Semi-final game - at the end of the 1st. Liberty 0 - republic 0'
123007,b'RT @PatriotsExtra: 20 hrs 55 minutes to #Patriots #Packers'
123004,b'RT @PatriotsExtra: 20 hrs 55 minutes to #Patriots #Packers'
123003,b'Hope the Packers can do this well tomorrow against the Patriots.'
123003,b'RT @PatriotsExtra: 20 hrs 55 minutes to #Patriots #Packers'
123003,b'Boston Herald: Patriots promote Darius Fleming to active roster - http://t.co/DntFPCXKrp'
123002,b'Patriots promote Darius Fleming to active roster - http://t.co/uKAlgbhgme #Patriots'
123002,b'RT @NebraskaHSHoops: Class A Preview: Young Millard South Patriots (@HoopsMS) look to the future under new coach http://t.co/otxdXJRA75 #ne\xe2\x80\xa6'
123001,b'\xe2\x80\x9c@PatriotsExtra: 20 hrs 55 minutes to #Patriots #Packers\xe2\x80\x9d'
123000,b'RT @ESPNNFL: RT if you have the @packers (8-3) putting an end to the Patriots (9-2) 7-game win streak on Sunday! http://t.co/hUTxjvPxmX'
122959,b'RT @PatriotsExtra: 20 hrs 55 minutes to #Patriots #Packers'
122959,b'RT @AmyMek: Thank You -&gt; Patriots in DC protest against illegal immigration on Thanksgiving!  http://t.co/W1IKviUnAD #tcot #ccot http://t.c\xe2\x80\xa6'
122958,b'@MyCool_Moamis readdyy for them patriots'
122956,b'RT @PatriotsExtra: 20 hrs 55 minutes to #Patriots #Packers'
122954,"b""RT @PatsGazette: Pats-Pack preview. Something's gotta give #PatriotsTalk http://t.co/dW8G7Wu1vH http://t.co/In5aH9g3Kh (via @tomecurran)"""
122954,"b""RT @PatsGazette: Pats-Pack preview. Something's gotta give #PatriotsTalk http://t.co/dW8G7Wu1vH http://t.co/In5aH9g3Kh (via @tomecurran)"""
122954,b'RT @ESPNNFL: RT if you have the @Patriots (9-2) defeating the Packers (8-3) on Sunday! http://t.co/2WTkpSswge'
122954,b'RT @PatriotsExtra: 20 hrs 55 minutes to #Patriots #Packers'
122953,b'RT @packers: 24 hours to go. \n\nGet ready by watching the #NEvsGB game trailer: http://t.co/Kx4h1On14m http://t.co/GngVk79gzQ'
122951,"b""Can't wait for this @packers @Patriots game"""
122951,b'RT @packers: Clay Matthews says he has \xe2\x80\x9czero limitations\xe2\x80\x9d this week. Read: http://t.co/v1bRieFKmX #NEvsGB http://t.co/SH57JAIM5S'
122949,b'RT @PatriotsExtra: 20 hrs 55 minutes to #Patriots #Packers'
122948,b'@nfl Patriots Brady is MVP'
122947,b'NFL Underdog Game of the Week: Bet Patriots ATS vs. Packers: Every week I isolate a premiere Underdog Play of ... http://t.co/HTxkTzeFmR'
122947,b'RT @ESPNNFL: RT if you have the @packers (8-3) putting an end to the Patriots (9-2) 7-game win streak on Sunday! http://t.co/hUTxjvPxmX'
122946,"b""@Handsome_Jake_ they're a good team but I really don't believe they can handle the Patriots even at Lambeau"""
122946,b'RT @PatriotsExtra: 20 hrs 55 minutes to #Patriots #Packers'
122942,"b'""@packers: Lambeau Field is ready for #NEvsGB. Are you? http://t.co/97lqWGGypA"" yeahhhhhh \xf0\x9f\x92\x9a\xf0\x9f\x92\x9b'"
122940,b'RT @ESPNNFL: RT if you have the @Patriots (9-2) defeating the Packers (8-3) on Sunday! http://t.co/2WTkpSswge'
122940,b'@MarvelousPacker @NFLonCBS @packers nope @nyjets fan I hate the @Patriots'
122940,b'RT @PatriotsExtra: 20 hrs 55 minutes to #Patriots #Packers'
122939,b'BIG GAME TOMORROW. GO PACK GO\xf0\x9f\x92\x9a\xf0\x9f\x8f\x88\xf0\x9f\x92\x9b @AaronRodgers12 @ClayMatthews52 @rcobb18 @Lil_Eazy_Ana_42 @JordyRNelson @haha_cd6 @packers'
122939,b'RT @PatriotsExtra: 20 hrs 55 minutes to #Patriots #Packers'
122939,b'RT @PatriotsExtra: 20 hrs 55 minutes to #Patriots #Packers'
122938,b'RT @JumboHart: #ppgs RT @RochieWBZ: Tom Brady 33-4 when game time temp is 40-degrees or below - expected game time temp Sunday at GB? 25-de\xe2\x80\xa6'
122938,b'RT @packers: Lambeau Field is ready for #NEvsGB. Are you? http://t.co/jhrZGgohkf'
122938,b'@packers HELL YEAH'
122936,b'RT @PatriotsExtra: 20 hrs 55 minutes to #Patriots #Packers'
122935,"b""RT @RealSportsTaIk: Who's the better QB?\n\nRT for Rodgers / #Packers\nFAV for Manning / #Broncos http://t.co/n0szVgEynN"""
122933,b'RT @BraveConWarrior: \xe2\x98\x85\xe2\x98\x85\xe2\x98\x85 Patriots Who Dare... \xe2\x9e\xa1 Click Here \xe2\x9e\xa1 http://t.co/R61WnOsXol #BB4SP Join our fight to save America! http://t.co/sVGr\xe2\x80\xa6'
122930,b'RT @packers: Lambeau Field is ready for #NEvsGB. Are you? http://t.co/jhrZGgohkf'
122929,b'20 hrs 55 minutes to #Patriots #Packers'
122926,b'Shout to the homie Brandon Lafell of the Patriots on the jacket http://t.co/e76glIxRtP'
122926,b'RT @packers: Lambeau Field is ready for #NEvsGB. Are you? http://t.co/jhrZGgohkf'
122925,"b""Pats-Pack preview. Something's gotta give #PatriotsTalk http://t.co/dW8G7Wu1vH http://t.co/In5aH9g3Kh (via @tomecurran)"""
122924,"b""I don't think I follow any Packers fans."""
122924,b'Well I need the Patriots to go ahead and beat the Cheeseheads and this week will be salvaged.'
122922,b'Too soon? \xf0\x9f\x98\x8b\xf0\x9f\x98\x84 @N0tAaronRodgers #Packers #Patriots http://t.co/KUYc9jLEhi'
122918,b'RT @Alfonso_Butera: All a man needs #bourboncounty #packers #patriots http://t.co/EiluguyaeV'
122918,b'TAKE BACK AMERICA!\nFED UP? FIX IT!\n#TCOT #TLOT #TPOT #PATRIOTS #LIBERTY #TEAPARTY #PJNET 9\nhttp://t.co/eNl29agapf'
122916,b'RT @nflnetwork: 58% of fans believe Tom Brady will finish his career with more @SuperBowl wins than Aaron Rodgers. #NFLTotalAccess http://t\xe2\x80\xa6'
122916,b'RT @ESPNNFL: RT if you have the @Patriots (9-2) defeating the Packers (8-3) on Sunday! http://t.co/2WTkpSswge'
122914,b'RT @Lobstabred: #Patriots about to send notice to the NFL. They will blow out the #Packers at home.'
122913,b'RT @packers: Hype of #Patriots showdown doesn\xe2\x80\x99t change #Packers approach.\n\nTake one last look at #NEvsGB: http://t.co/M18o90DkjH http://t.c\xe2\x80\xa6'
122909,b'RT @packers: Tomorrow will be the 1st meeting between Rodgers &amp; Brady as starters.\n\n@StateFarm infographic: http://t.co/nZDEPzY0ht http://t\xe2\x80\xa6'
122908,b'Prediction: #GoPack till @JimmyG_10 gets into the game. Then a QB shoot out until @Patriots come within 3.\n@packers - 31 \nGaroppolo -28 \xf0\x9f\x98\x89'
122906,b'RT @JumboHart: #ppgs RT @RochieWBZ: Tom Brady 33-4 when game time temp is 40-degrees or below - expected game time temp Sunday at GB? 25-de\xe2\x80\xa6'
122905,"b""RT @Patsnation87: @Espn_Phill @Patriots damn man, that sucks, some of their fans are obnoxious, can't imagine what it was like in 2013...."""
122904,b'RT @JumboHart: #ppgs RT @RochieWBZ: Tom Brady 33-4 when game time temp is 40-degrees or below - expected game time temp Sunday at GB? 25-de\xe2\x80\xa6'
122902,b'@ESPNNFL @packers lol or nah'
122902,b'Early in the year it seemed like the Packers and Badgers could never win on same weekend. Now it seems so long since either team lost.'
122900,b'RT @JumboHart: #ppgs RT @RochieWBZ: Tom Brady 33-4 when game time temp is 40-degrees or below - expected game time temp Sunday at GB? 25-de\xe2\x80\xa6'
122858,"b'RT @Patriots: Hello, Green Bay.  #BusinessTrip #NEvsGB http://t.co/DsN3MM6nr3'"
122858,"b'RT @Patriots: Hello, Green Bay.  #BusinessTrip #NEvsGB http://t.co/DsN3MM6nr3'"
122858,b'@njdevils08 @NFLonCBS @packers They will! Are you a Packers fan?'
122857,"b'@JoshMcDermitt Le packers..nice weather we have for the weekend,  heat wave! Enjoy your game tomorrow'"
122847,"b""Can't wait till Rodgers destroys the patriots tomorrow"""
122846,"b""@Espn_Phill @Patriots damn man, that sucks, some of their fans are obnoxious, can't imagine what it was like in 2013...."""
122844,b'RT @JumboHart: #ppgs RT @RochieWBZ: Tom Brady 33-4 when game time temp is 40-degrees or below - expected game time temp Sunday at GB? 25-de\xe2\x80\xa6'
122841,"b""Can't watch the @Patriots game tomorrow because @VerizonFiOS hasn't gotten their shit together with FOX"""
122841,b'RT @ESPNNFL: RT if you have the @packers (8-3) putting an end to the Patriots (9-2) 7-game win streak on Sunday! http://t.co/hUTxjvPxmX'
122836,"b""RT @MiltownBucky: Packers over Vikings \xe2\x9c\x94\xef\xb8\x8f\nBucks over T'Wolves \xe2\x9c\x94\xef\xb8\x8f\nBadgers over Gophers \xe2\x9c\x94\xef\xb8\x8f\n\nIt's been a fun week :D"""
122834,b'RT @packers: 24 hours to go. \n\nGet ready by watching the #NEvsGB game trailer: http://t.co/Kx4h1On14m http://t.co/GngVk79gzQ'
122832,b'RT @All_Actuality: Patriots have to be great tomorrow!!!'
122829,b'\xe2\x80\x9c@9_BSH: Off to Green Bay for the Packers vs Patriots game\xe2\x80\x9d What girl are you taking?'
122825,b'RT @packers: Lambeau Field is ready for #NEvsGB. Are you? http://t.co/jhrZGgohkf'
122824,b'#Patriots about to send notice to the NFL. They will blow out the #Packers at home.'
122824,b'RT @packers: Lambeau Field is ready for #NEvsGB. Are you? http://t.co/jhrZGgohkf'
122822,"b'Good job GA , thinkin your fuckin Aaron Rodgers and the greenbay Packers'"
122819,b'RT @JumboHart: #ppgs RT @RochieWBZ: Tom Brady 33-4 when game time temp is 40-degrees or below - expected game time temp Sunday at GB? 25-de\xe2\x80\xa6'
122815,b'Still remember when @NiallOfficial wore the patriots hat and @Harry_Styles whacked it off and niall said harrys clearly a packers fan!hahaha'
122815,b'RT @ESPNNFL: RT if you have the @packers (8-3) putting an end to the Patriots (9-2) 7-game win streak on Sunday! http://t.co/hUTxjvPxmX'
122814,"b""RT @NFLonCBS: @packers CAN'T WAIT."""
122813,b'http://t.co/AVhV3IUkT5 Commission NY JETS Minnesota Vikings Detroit Lion not Photo New England Patr #Patriots http://t.co/G4eH0WC0QY'
122811,b'The Green Bay Packers are one of the only things keeping me sane.'
122810,b'RT @packers: Lambeau Field is ready for #NEvsGB. Are you? http://t.co/jhrZGgohkf'
122808,b'RT @packers: Lambeau Field is ready for #NEvsGB. Are you? http://t.co/jhrZGgohkf'
122807,b'Packers Quarterbacks Coach: Darrelle Revis Is \xe2\x80\x98Still A Hell Of A Player\xe2\x80\x99 http://t.co/hiWMclhMFG (via @NESN)'
122803,b'RT @packers: Lambeau Field is ready for #NEvsGB. Are you? http://t.co/jhrZGgohkf'
122803,"b""Graphic: Week 13 NFL viewer's guide http://t.co/srrZsHE4eT #NFL #JSN"""
122758,"b""patriots's photo http://t.co/dhfOY9TeKi"""
122756,b'RT @ESPNNFL: RT if you have the @Patriots (9-2) defeating the Packers (8-3) on Sunday! http://t.co/2WTkpSswge'
122755,b'RT @ESPNNFL: RT if you have the @packers (8-3) putting an end to the Patriots (9-2) 7-game win streak on Sunday! http://t.co/hUTxjvPxmX'
122755,b'RT @packers: 24 hours to go. \n\nGet ready by watching the #NEvsGB game trailer: http://t.co/Kx4h1On14m http://t.co/GngVk79gzQ'
122754,b'RT @njdevils08: @NFLonCBS @packers spank the pats! spank the pats!'
122752,b'RT @ESPNNFL: RT if you have the @packers (8-3) putting an end to the Patriots (9-2) 7-game win streak on Sunday! http://t.co/hUTxjvPxmX'
122752,b'RT @packers: Lambeau Field is ready for #NEvsGB. Are you? http://t.co/jhrZGgohkf'
122742,b'RT @nolanolanolan: Packers vs. Patriots.\nBadger Hoops vs. Duke.\nBadger Football vs. OSU for Rose Bowl bid.\n\nExciting week for Wisconsin spo\xe2\x80\xa6'
122742,b'RT @ESPNNFL: RT if you have the @Patriots (9-2) defeating the Packers (8-3) on Sunday! http://t.co/2WTkpSswge'
122739,b'RT @ESPNNFL: RT if you have the @Patriots (9-2) defeating the Packers (8-3) on Sunday! http://t.co/2WTkpSswge'
122736,b'@JordanKellow some little kid was like do you play for the new England patriots hahahah.'
122735,b'RT @ESPNNFL: RT if you have the @packers (8-3) putting an end to the Patriots (9-2) 7-game win streak on Sunday! http://t.co/hUTxjvPxmX'
122734,"b""Vikings, Chiefs or Packers: What's Siouxland's NFL allegiance? http://t.co/gRHIPtzCtG"""
122734,b'RT @packers: Lambeau Field is ready for #NEvsGB. Are you? http://t.co/jhrZGgohkf'
122734,b'@pastorsharpie @Patriots @packers Should be exciting! Talk about excellent QBs!!'
122731,"b""@ishaboi_ I'll buy you chipotle if the Packers win"""
122731,b'RT @ESPNNFL: RT if you have the @packers (8-3) putting an end to the Patriots (9-2) 7-game win streak on Sunday! http://t.co/hUTxjvPxmX'
122729,b'@Patriots @NERevolution Awesome'
122729,"b'@J_stokesss @RameySalous @JayTheHomie even if the packers make it, they\'ll just be ""that one team that one that one year""'"
122728,b'RT @ESPNNFL: RT if you have the @Patriots (9-2) defeating the Packers (8-3) on Sunday! http://t.co/2WTkpSswge'
122728,b'RT @Salzerton: TOO excited for the Packers/Patriots game tomorrow'
122727,b'RT @packers: Lambeau Field is ready for #NEvsGB. Are you? http://t.co/jhrZGgohkf'
122726,"b""RT @AlbertLaskett: The Patriots beating the Cheeseheads tomorrow that's all I truly care about."""
122725,"b'RT @QuoteRevolution: The tree of liberty must be refreshed from time to time, with the blood of patriots and tyrants. It is its natural man\xe2\x80\xa6'"
122721,"b'Just like we Packers fans like to say to Vikings fans, so I will say to the Badgers: MN has 7 football championships...WI has zero.'"
122719,b'\xe2\x80\x9c@packers: Lambeau Field is ready for #NEvsGB. Are you? http://t.co/ZCsYx2zcOU\xe2\x80\x9d \nEste juego es el chido \xf0\x9f\x98\x8d\xf0\x9f\x91\x8f'
122716,b'RT @packers: Lambeau Field is ready for #NEvsGB. Are you? http://t.co/jhrZGgohkf'
122712,b'RT @AmyMek: Thank You -&gt; Patriots in DC protest against illegal immigration on Thanksgiving!  http://t.co/W1IKviUnAD #tcot #ccot http://t.c\xe2\x80\xa6'
122708,"b'New England Patriots vs. Green Bay Packers Betting Odds, Analysis, NFL Pick: A potential Super Bowl previ... http://t.co/FbbY242gJd #NFL'"
122708,"b'New England Patriots, Green Bay Packers is marquee game: Two star quarterbacks. Two championship-winning ... http://t.co/7TtqVpNhIB #NFL'"
122708,b'New England Patriots\xe2\x80\x99 Defense Good Enough To Slow Down Green Bay Packers: The Green Bay Packers (8-3) hos... http://t.co/yyUu1oIJXj #NFL'
122708,b'New England Patriots at Green Bay Packers Free NFL Picks &amp; Week 13 Odds: The New England Patriots (9-2) w... http://t.co/sJ7h3WUVtz #NFL'
122708,"b'New England Patriots vs Green Bay Packers Live Stream Free: Watch NFL Game Online (Roster News, TV Schedu... http://t.co/qdtSn0cvNZ #NFL'"
122706,b'RT @ESPNNFL: RT if you have the @Patriots (9-2) defeating the Packers (8-3) on Sunday! http://t.co/2WTkpSswge'
122706,b'RT @GeoHoppen: Sunday: Packers beat Vikings!  Saturday: Badgers beat Golden Gophers!!  What a great week! #Priceless #gobadgers #GoPackGo'
